user_id,name,occupation,city_tier,monthly_income_inr,recharge_freq_days,recharge_delay_std_days,avg_recharge_inr,utility_on_time_pct,utility_bills_missed_12m,avg_utility_bill_inr,ecommerce_orders_30d,essential_spending_ratio,upi_inflow_regularity_score,min_wallet_balance_inr,avg_yearly_emi_inr,emi_delay_months_12m,food_delivery_spend_inr,outing_entertainment_spend_inr,impulse_shopping_inr,subscriptions_spend_inr,total_unnecessary_spend_inr,potential_micro_investment_savings_inr,risk_appetite_bucket,credit_score_label
USR_1001,Harish Nair,Kirana Shop Owner,Tier-3,45000,30,2.3,479,46.0,0,1034,2,0.78,0.94,103,0,0,3318,2201,1007,216,6742,1700,Low,692
USR_1002,Neha Nair,Gig Delivery Worker,Tier-2,20000,28,11.8,199,42.8,1,675,3,0.53,0.32,3452,27108,4,1506,2649,1548,686,6389,1600,Medium,458
USR_1003,Aisha Mehta,College Student / Freelancer,Tier-2,25000,28,11.7,299,67.0,0,2338,6,0.67,0.68,4829,46355,2,1646,850,1698,425,4619,1200,Low,614
USR_1004,Vikram Rao,Small Artisan / Handloom,Rural,40000,30,11.0,199,77.4,0,439,3,0.88,0.59,686,0,0,1815,1018,1405,285,4523,1100,Medium,669
USR_1005,Arjun Saxena,Private School Teacher,Tier-3,20000,28,7.8,666,73.8,1,606,4,0.77,0.89,3159,26036,2,991,843,1475,211,3520,900,Low,650
USR_1006,Ramesh Malhotra,Auto Rickshaw Driver,Tier-3,50000,45,10.4,479,65.0,0,563,4,0.57,0.96,4815,128554,1,5062,2308,5426,1294,14090,3500,Low,635
USR_1007,Siddharth Kumar,Beautician / Salon Owner,Tier-2,12000,28,2.2,666,66.9,1,1603,1,0.5,0.84,2404,0,0,1617,1579,1797,192,5185,1300,Medium,694
USR_1008,Radhika Iyer,IT Engineer,Tier-2,20000,45,4.5,666,96.4,0,1439,4,0.77,0.42,957,0,0,1402,699,1605,447,4153,1000,High,734
USR_1009,Pallavi Bhatia,Repair Shop Owner,Tier-2,40000,28,4.5,479,91.4,0,2253,8,0.53,0.6,2297,0,0,3812,1947,4201,644,10604,2700,Medium,738
USR_1010,Sanjana Gupta,Small Restaurant Owner,Tier-2,20000,30,3.4,719,69.2,3,1255,4,0.65,0.67,3865,83646,4,1637,1936,2008,673,6254,1600,Medium,542
USR_1011,Ravi Verma,Kirana Shop Owner,Tier-3,12000,28,4.0,199,59.0,0,1524,3,0.72,0.97,786,45632,2,1206,808,637,146,2797,700,Medium,670
USR_1012,Manoj Jain,Gig Delivery Worker,Tier-2,40000,30,9.7,199,44.3,0,411,1,0.7,0.57,3392,58493,4,4820,3264,1950,277,10311,2600,Medium,549
USR_1013,Siddharth Kumar,College Student / Freelancer,Tier-2,45000,30,3.0,719,67.4,2,727,2,0.43,0.96,3601,101348,2,9572,3851,3747,678,17848,4500,Medium,614
USR_1014,Ramesh Nair,Small Artisan / Handloom,Rural,15000,28,1.6,199,79.6,0,2400,4,0.56,0.8,170,16635,0,2683,1588,1442,183,5896,1500,Medium,743
USR_1015,Radhika Kumar,Private School Teacher,Tier-3,30000,28,7.6,719,93.2,0,333,9,0.76,0.67,729,0,0,2852,1621,2196,519,7188,1800,Low,712
USR_1016,Priya Choudhary,Auto Rickshaw Driver,Tier-3,20000,30,4.4,299,59.1,2,351,2,0.77,0.71,4399,0,0,1798,719,664,368,3549,900,High,606
USR_1017,Kiran Gupta,Beautician / Salon Owner,Tier-2,25000,28,9.4,719,54.3,1,1927,2,0.65,0.53,1558,28332,4,3536,1496,2968,648,8648,2200,Medium,519
USR_1018,Vikram Verma,IT Engineer,Tier-2,50000,30,2.9,719,87.5,2,500,1,0.68,0.57,4449,66964,2,6055,3578,2004,427,12064,3000,High,636
USR_1019,Suresh Chauhan,Repair Shop Owner,Tier-2,15000,28,1.5,479,74.9,2,2236,3,0.77,0.6,1952,0,0,774,572,719,139,2204,600,Medium,677
USR_1020,Meena Choudhary,Small Restaurant Owner,Tier-2,50000,30,8.3,666,97.7,0,928,3,0.93,0.28,4466,208860,2,1106,1028,807,246,3187,800,High,652
USR_1021,Ravi Kumar,Kirana Shop Owner,Tier-3,30000,30,4.9,199,94.9,4,427,1,0.55,0.37,3269,51097,4,3484,2051,2879,304,8718,2200,Medium,538
USR_1022,Harish Tiwari,Gig Delivery Worker,Tier-2,20000,45,11.4,719,76.8,0,2352,1,0.37,0.52,4071,0,0,2458,2757,2459,1229,8903,2200,High,611
USR_1023,Manoj Kumar,College Student / Freelancer,Tier-2,15000,28,2.0,719,43.4,2,2088,7,0.43,0.95,3070,47044,3,2201,1049,2290,526,6066,1500,High,576
USR_1024,Vikram Bhatia,Small Artisan / Handloom,Rural,50000,30,6.0,719,77.2,1,768,1,0.56,0.68,2021,194473,2,6692,5648,4380,1534,18254,4600,High,616
USR_1025,Vikram Choudhary,Private School Teacher,Tier-3,25000,28,10.2,199,55.5,0,2456,3,0.4,0.34,727,35245,4,3068,2537,4862,868,11335,2800,High,524
USR_1026,Karan Chatterjee,Auto Rickshaw Driver,Tier-3,30000,28,4.5,719,72.9,0,1083,2,0.54,0.32,2457,0,0,4188,1813,2681,278,8960,2200,High,657
USR_1027,Meena Reddy,Beautician / Salon Owner,Tier-2,20000,28,2.9,299,85.6,0,1885,1,0.43,0.75,4237,0,0,1814,3117,2149,590,7670,1900,Low,730
USR_1028,Rohit Patel,IT Engineer,Tier-2,35000,28,1.9,199,60.6,0,1081,5,0.69,0.53,1753,0,0,3605,1615,2436,503,8159,2000,High,693
USR_1029,Ritu Chatterjee,Repair Shop Owner,Tier-2,35000,28,6.1,479,45.3,2,422,1,0.36,0.76,4986,0,0,7230,6349,2269,2195,18043,4500,Medium,571
USR_1030,Priya Nair,Small Restaurant Owner,Tier-2,45000,28,10.1,719,51.2,0,1235,2,0.72,0.46,2948,113350,4,2085,2108,1683,315,6191,1500,High,546
USR_1031,Manoj Joshi,Kirana Shop Owner,Tier-3,15000,28,2.1,199,85.6,1,1337,5,0.79,0.93,988,50418,2,1268,403,941,113,2725,700,Low,706
USR_1032,Sneha Saxena,Gig Delivery Worker,Tier-2,25000,28,7.3,299,89.0,0,1129,4,0.89,0.53,2763,0,0,927,339,921,193,2380,600,Medium,703
USR_1033,Arjun Nair,College Student / Freelancer,Tier-2,12000,30,10.8,666,99.9,2,1855,2,0.78,0.61,3797,32378,3,757,582,595,166,2100,500,Medium,604
USR_1034,Prakash Iyer,Small Artisan / Handloom,Rural,20000,30,8.7,479,60.7,0,2298,4,0.7,0.62,3096,75713,4,1917,1435,1983,459,5794,1400,Low,570
USR_1035,Swati Saxena,Private School Teacher,Tier-3,50000,28,9.0,199,95.5,0,549,5,0.7,0.54,368,178062,0,3750,2694,3515,1403,11362,2800,Medium,692
USR_1036,Rohit Yadav,Auto Rickshaw Driver,Tier-3,20000,28,7.1,666,65.1,3,1097,2,0.75,0.38,4809,46067,3,2245,1002,1244,126,4617,1200,High,481
USR_1037,Karan Choudhary,Beautician / Salon Owner,Tier-2,12000,28,5.9,479,43.9,2,1297,4,0.46,0.88,4735,22046,3,1766,680,900,500,3846,1000,Medium,543
USR_1038,Meena Mehta,IT Engineer,Tier-2,50000,30,2.6,199,73.4,1,2071,6,0.54,0.31,3202,0,0,9302,2864,7339,1642,21147,5300,High,630
USR_1039,Ramesh Nair,Repair Shop Owner,Tier-2,30000,28,3.5,299,61.8,0,2127,4,0.93,0.82,659,124577,2,429,413,479,166,1487,500,Low,650
USR_1040,Ritu Yadav,Small Restaurant Owner,Tier-2,25000,28,10.9,299,56.3,0,2311,2,0.68,0.73,4165,24890,1,3360,2198,1994,544,8096,2000,Medium,603
USR_1041,Rajesh Rao,Kirana Shop Owner,Tier-3,12000,28,4.9,299,65.3,0,2408,1,0.81,0.3,4201,47115,4,759,660,454,219,2092,500,Medium,566
USR_1042,Anjali Iyer,Gig Delivery Worker,Tier-2,20000,45,10.2,479,75.8,0,1996,1,0.79,0.61,3473,35166,4,1637,1003,705,282,3627,900,Medium,609
USR_1043,Rohit Rao,College Student / Freelancer,Tier-2,50000,28,2.6,479,83.9,2,1749,4,0.94,0.94,293,0,0,1282,408,725,279,2694,700,Low,695
USR_1044,Meena Chauhan,Small Artisan / Handloom,Rural,40000,30,9.1,666,90.7,0,2123,0,0.71,0.42,690,128639,3,4262,1311,2074,732,8379,2100,High,640
USR_1045,Vivek Tiwari,Private School Teacher,Tier-3,15000,30,5.4,666,54.0,0,2214,0,0.87,0.64,4701,0,0,876,331,569,101,1877,500,Medium,674
USR_1046,Kavita Malhotra,Auto Rickshaw Driver,Tier-3,40000,30,8.9,199,46.6,0,931,2,0.36,0.97,2196,126482,0,11135,6586,3132,1367,22220,5600,Medium,616
USR_1047,Shweta Yadav,Beautician / Salon Owner,Tier-2,15000,28,11.9,479,64.1,2,807,2,0.58,0.28,4790,0,0,2458,1423,970,387,5238,1300,High,493
USR_1048,Kiran Chauhan,IT Engineer,Tier-2,15000,30,2.3,479,53.5,0,1481,2,0.88,0.44,734,0,0,786,490,544,130,1950,500,High,669
USR_1049,Amitabh Chopra,Repair Shop Owner,Tier-2,35000,28,8.8,299,72.0,4,540,3,0.66,0.91,2899,0,0,3726,3247,3373,734,11080,2800,High,543
USR_1050,Manoj Yadav,Small Restaurant Owner,Tier-2,50000,60,1.7,479,85.2,0,2237,1,0.85,0.34,1742,0,0,1486,1976,2310,454,6226,1600,Medium,719
USR_1051,Pallavi Tiwari,Kirana Shop Owner,Tier-3,12000,30,1.8,299,78.0,0,2015,2,0.93,0.5,3199,0,0,151,241,228,21,641,500,Medium,724
USR_1052,Kavita Mehta,Gig Delivery Worker,Tier-2,12000,28,1.4,299,92.3,4,2431,3,0.36,0.49,2494,0,0,2726,1452,1293,766,6237,1600,High,598
USR_1053,Manoj Das,College Student / Freelancer,Tier-2,40000,30,10.0,479,53.2,0,1797,3,0.61,0.94,2156,89928,1,6945,2837,5046,598,15426,3900,Low,620
USR_1054,Pooja Chauhan,Small Artisan / Handloom,Rural,45000,28,2.8,719,86.6,2,2158,3,0.9,0.7,4003,60303,2,1600,837,675,266,3378,800,Low,655
USR_1055,Priya Chopra,Private School Teacher,Tier-3,45000,28,5.7,719,44.3,0,1355,5,0.64,0.33,1286,0,0,3122,3236,4123,1234,11715,2900,High,591
USR_1056,Manoj Kumar,Auto Rickshaw Driver,Tier-3,25000,28,4.2,299,81.4,2,740,1,0.73,0.77,254,0,0,1117,1405,1871,605,4998,1200,High,665
USR_1057,Anjali Nair,Beautician / Salon Owner,Tier-2,40000,30,6.9,299,87.0,0,389,3,0.74,0.6,3117,99335,4,4280,1942,1153,342,7717,1900,Low,636
USR_1058,Ankit Jain,IT Engineer,Tier-2,20000,30,1.3,199,90.4,0,2413,6,0.66,0.68,244,58481,3,2637,1570,2366,290,6863,1700,Medium,729
USR_1059,Ankit Tiwari,Repair Shop Owner,Tier-2,15000,30,8.9,479,86.6,0,1624,4,0.61,0.32,2084,42559,4,1044,1347,1041,303,3735,900,High,599
USR_1060,Pooja Chopra,Small Restaurant Owner,Tier-2,25000,60,5.7,479,93.0,0,1027,2,0.62,0.68,4748,53099,2,3150,1627,2217,784,7778,1900,High,697
USR_1061,Swati Nair,Kirana Shop Owner,Tier-3,35000,28,1.8,299,99.2,0,808,1,0.48,0.38,533,99901,4,4899,3566,4941,389,13795,3400,Medium,682
USR_1062,Amit Hegde,Gig Delivery Worker,Tier-2,35000,28,0.8,719,48.6,3,1912,1,0.79,0.36,1249,0,0,1665,1707,2533,367,6272,1600,Medium,558
USR_1063,Divya Reddy,College Student / Freelancer,Tier-2,45000,45,9.3,479,95.9,1,1788,3,0.41,0.73,4997,185671,2,10918,6809,6418,2099,26244,6600,High,604
USR_1064,Karan Begum,Small Artisan / Handloom,Rural,15000,30,9.7,479,92.1,0,953,4,0.58,0.65,3022,35998,0,2054,842,1642,508,5046,1300,Medium,667
USR_1065,Sanjay Saxena,Private School Teacher,Tier-3,45000,30,6.0,719,88.8,0,627,3,0.68,0.8,3605,163104,2,6033,1645,4876,1042,13596,3400,Medium,691
USR_1066,Karan Sharma,Auto Rickshaw Driver,Tier-3,25000,28,3.8,479,95.8,0,1578,2,0.94,0.85,2660,93612,3,308,238,447,52,1045,500,Medium,711
USR_1067,Anjali Devi,Beautician / Salon Owner,Tier-2,35000,45,6.8,719,78.0,4,1623,3,0.72,0.55,4215,0,0,2509,1444,2892,411,7256,1800,High,567
USR_1068,Divya Iyer,IT Engineer,Tier-2,25000,28,5.4,719,50.1,1,2198,1,0.36,0.72,3074,42787,2,5253,3189,5551,494,14487,3600,Medium,567
USR_1069,Ankit Rao,Repair Shop Owner,Tier-2,35000,28,8.8,479,99.5,0,529,3,0.4,0.9,1040,59302,1,3587,4280,2454,1764,12085,3000,Low,725
USR_1070,Ankit Mehta,Small Restaurant Owner,Tier-2,20000,28,1.1,666,79.7,1,1907,1,0.69,0.95,958,0,0,1303,1284,769,347,3703,900,High,739
USR_1071,Rohit Gupta,Kirana Shop Owner,Tier-3,45000,30,11.2,719,47.2,4,344,4,0.5,0.83,4336,117097,3,3800,2779,3528,1065,11172,2800,Medium,405
USR_1072,Ramesh Yadav,Gig Delivery Worker,Tier-2,20000,28,5.6,666,92.4,0,2029,4,0.67,0.71,3404,65948,1,1409,1740,1192,144,4485,1100,Low,697
USR_1073,Kiran Chauhan,College Student / Freelancer,Tier-2,25000,30,11.2,299,48.0,2,2330,3,0.65,0.54,817,29521,1,1667,2560,2077,851,7155,1800,Medium,499
USR_1074,Divya Choudhary,Small Artisan / Handloom,Rural,35000,28,0.7,299,79.0,0,434,2,0.95,0.29,3505,0,0,388,224,228,77,917,500,Medium,695
USR_1075,Neha Gupta,Private School Teacher,Tier-3,12000,30,12.0,199,54.0,0,682,6,0.67,0.6,966,48993,2,752,727,1178,263,2920,700,Medium,557
USR_1076,Manoj Chatterjee,Auto Rickshaw Driver,Tier-3,15000,30,2.8,719,97.6,0,541,3,0.64,0.36,1690,0,0,1581,945,1072,306,3904,1000,High,720
USR_1077,Manoj Reddy,Beautician / Salon Owner,Tier-2,50000,28,8.1,199,81.3,0,860,1,0.89,0.59,3222,0,0,2301,1250,1394,139,5084,1300,Medium,697
USR_1078,Ramesh Kapoor,IT Engineer,Tier-2,30000,28,0.9,479,79.5,2,531,0,0.66,0.53,2363,0,0,4500,2942,3018,493,10953,2700,Medium,653
USR_1079,Vikram Mehta,Repair Shop Owner,Tier-2,45000,28,0.7,666,93.9,2,801,2,0.5,0.44,439,0,0,6603,6281,4062,675,17621,4400,High,675
USR_1080,Pallavi Gupta,Small Restaurant Owner,Tier-2,15000,28,4.4,299,53.5,0,1250,4,0.47,0.9,3264,54055,3,3211,2256,1296,639,7402,1800,Low,614
USR_1081,Meena Kulkarni,Kirana Shop Owner,Tier-3,45000,30,2.6,479,59.2,2,892,2,0.76,0.32,4829,65168,4,2959,2717,3087,744,9507,2400,Medium,552
USR_1082,Siddharth Nair,Gig Delivery Worker,Tier-2,45000,28,0.6,199,84.5,3,911,3,0.8,0.85,3113,0,0,2363,1869,2079,790,7101,1800,High,678
USR_1083,Pooja Reddy,College Student / Freelancer,Tier-2,50000,60,4.7,479,85.4,2,1334,2,0.74,0.82,1164,155412,0,2645,1375,1842,448,6310,1600,Medium,665
USR_1084,Harish Kulkarni,Small Artisan / Handloom,Rural,20000,28,7.2,666,73.6,1,1788,4,0.39,0.49,3945,0,0,4716,2482,2562,387,10147,2500,Medium,616
USR_1085,Sanjana Chauhan,Private School Teacher,Tier-3,25000,28,9.7,479,84.0,0,681,3,0.94,0.8,3725,0,0,316,319,517,49,1201,500,High,728
USR_1086,Aisha Reddy,Auto Rickshaw Driver,Tier-3,20000,60,3.5,299,92.4,2,709,3,0.4,0.78,2532,66472,4,2372,2664,1606,961,7603,1900,Medium,638
USR_1087,Radhika Chatterjee,Beautician / Salon Owner,Tier-2,45000,28,3.7,666,56.5,0,2031,4,0.44,0.87,327,125138,1,6162,6410,3064,981,16617,4200,Medium,646
USR_1088,Rajesh Chatterjee,IT Engineer,Tier-2,45000,28,8.9,299,98.8,0,1895,2,0.92,0.96,996,148177,1,635,852,850,354,2691,700,Low,728
USR_1089,Swati Saxena,Repair Shop Owner,Tier-2,50000,30,6.8,299,44.9,0,1366,4,0.6,0.73,2772,131025,3,5755,2207,5931,722,14615,3700,Low,579
USR_1090,Ritu Nair,Small Restaurant Owner,Tier-2,45000,28,8.1,666,92.2,0,1292,2,0.39,0.59,4555,115781,1,9526,7258,5355,2252,24391,6100,High,655
USR_1091,Pooja Rao,Kirana Shop Owner,Tier-3,45000,28,9.6,666,56.6,0,1713,3,0.68,0.37,3106,174009,2,4350,3162,1560,706,9778,2400,High,548
USR_1092,Rekha Begum,Gig Delivery Worker,Tier-2,35000,45,1.9,479,70.3,4,1219,5,0.45,0.26,2842,115174,4,3346,4741,2826,1706,12619,3200,High,478
USR_1093,Aisha Iyer,College Student / Freelancer,Tier-2,50000,28,9.9,666,58.8,0,2102,3,0.4,0.77,2158,0,0,11157,4147,7603,1645,24552,6100,Medium,640
USR_1094,Rekha Nair,Small Artisan / Handloom,Rural,20000,28,9.0,299,59.5,1,453,2,0.85,0.45,3250,0,0,911,483,459,67,1920,500,Medium,598
USR_1095,Sneha Devi,Private School Teacher,Tier-3,12000,30,9.6,719,93.9,1,2223,0,0.45,0.53,1959,26357,2,1807,1719,1450,141,5117,1300,Medium,617
USR_1096,Ankit Rao,Auto Rickshaw Driver,Tier-3,20000,45,0.7,199,58.3,2,919,3,0.41,0.43,160,38721,4,2822,1887,3372,281,8362,2100,High,539
USR_1097,Meena Sharma,Beautician / Salon Owner,Tier-2,50000,28,4.4,719,90.3,0,1244,4,0.48,0.61,3714,53288,4,4404,7570,2763,1964,16701,4200,Low,677
USR_1098,Arjun Das,IT Engineer,Tier-2,20000,45,5.6,719,77.9,1,1845,2,0.58,0.61,3295,0,0,2773,2089,1903,594,7359,1800,Low,670
USR_1099,Vivek Chauhan,Repair Shop Owner,Tier-2,12000,28,7.4,479,48.4,0,2437,2,0.72,0.45,1114,11734,0,724,360,426,158,1668,500,High,610
USR_1100,Suresh Chopra,Small Restaurant Owner,Tier-2,30000,28,9.9,719,60.7,0,2223,3,0.51,0.54,2166,117019,4,4885,2379,4497,1417,13178,3300,High,583
USR_1101,Meena Malhotra,Kirana Shop Owner,Tier-3,40000,30,10.0,199,76.2,1,551,3,0.6,0.8,447,84378,4,5609,3771,3047,1079,13506,3400,Low,595
USR_1102,Swati Verma,Gig Delivery Worker,Tier-2,25000,30,9.0,719,44.0,0,612,0,0.6,0.47,2481,27542,2,3175,1686,2822,721,8404,2100,High,562
USR_1103,Divya Devi,College Student / Freelancer,Tier-2,20000,28,6.7,299,75.4,0,1145,3,0.88,0.26,1913,44664,4,728,319,627,56,1730,500,High,601
USR_1104,Kavita Jain,Small Artisan / Handloom,Rural,15000,30,4.4,479,64.6,0,1789,2,0.94,0.58,3472,37999,0,271,263,176,20,730,500,Low,677
USR_1105,Prakash Rao,Private School Teacher,Tier-3,20000,28,9.2,719,57.4,3,555,6,0.93,0.53,1989,54283,3,442,291,406,121,1260,500,High,465
USR_1106,Sanjay Kulkarni,Auto Rickshaw Driver,Tier-3,30000,60,6.9,479,49.9,1,2499,2,0.82,0.79,1572,105833,2,1993,699,1690,415,4797,1200,High,567
USR_1107,Prakash Chatterjee,Beautician / Salon Owner,Tier-2,15000,30,6.6,666,42.3,1,1508,1,0.63,0.28,4851,0,0,1686,658,1602,329,4275,1100,Medium,589
USR_1108,Shweta Kapoor,IT Engineer,Tier-2,50000,28,8.8,719,98.8,0,2120,4,0.86,0.57,4250,0,0,1181,1936,1484,425,5026,1300,Medium,703
USR_1109,Ravi Kapoor,Repair Shop Owner,Tier-2,15000,28,8.4,479,92.3,0,1691,7,0.95,0.32,111,31010,4,128,75,250,64,517,500,High,637
USR_1110,Amit Das,Small Restaurant Owner,Tier-2,15000,28,5.2,479,60.9,0,2078,3,0.53,0.31,2553,0,0,2552,775,833,368,4528,1100,Medium,640
USR_1111,Amitabh Patel,Kirana Shop Owner,Tier-3,20000,45,11.2,479,41.3,1,2152,2,0.48,0.55,3822,65842,4,2976,2748,2482,738,8944,2200,Medium,451
USR_1112,Shweta Nair,Gig Delivery Worker,Tier-2,35000,30,1.9,479,86.5,0,1392,1,0.73,0.29,3768,33615,4,1550,1466,2615,236,5867,1500,High,666
USR_1113,Aisha Singh,College Student / Freelancer,Tier-2,50000,28,11.2,199,61.6,0,2153,5,0.93,0.32,3466,110799,4,1264,353,496,269,2382,600,High,549
USR_1114,Rekha Das,Small Artisan / Handloom,Rural,30000,28,7.8,719,42.9,0,2404,3,0.57,0.52,356,0,0,3546,3411,4032,476,11465,2900,Medium,600
USR_1115,Deepak Mehta,Private School Teacher,Tier-3,45000,30,9.7,719,42.2,0,2347,3,0.76,0.59,2937,49470,3,4287,2769,2548,302,9906,2500,Medium,562
USR_1116,Priya Mehta,Auto Rickshaw Driver,Tier-3,12000,28,5.3,199,84.2,0,2293,3,0.59,0.81,2329,20066,1,2003,1058,585,248,3894,1000,Low,707
USR_1117,Siddharth Begum,Beautician / Salon Owner,Tier-2,40000,28,3.9,199,84.3,0,1712,6,0.85,0.69,1526,58141,4,2178,1724,1504,347,5753,1400,Low,700
USR_1118,Suresh Kapoor,IT Engineer,Tier-2,30000,30,8.0,479,97.8,0,1104,1,0.43,0.7,3928,43084,4,5827,3037,4591,697,14152,3500,Medium,690
USR_1119,Shweta Mehta,Repair Shop Owner,Tier-2,50000,45,8.6,299,81.4,3,1394,1,0.6,0.47,3829,201749,4,6725,5714,5804,1274,19517,4900,Medium,520
USR_1120,Aisha Choudhary,Small Restaurant Owner,Tier-2,45000,28,1.1,199,48.2,4,1459,2,0.73,0.61,2092,0,0,3727,1747,2609,1136,9219,2300,Medium,519
USR_1121,Divya Saxena,Kirana Shop Owner,Tier-3,35000,28,9.6,479,61.3,1,1169,6,0.62,0.82,4804,0,0,5407,2934,4107,1100,13548,3400,Medium,634
USR_1122,Sanjay Chopra,Gig Delivery Worker,Tier-2,45000,45,8.9,479,55.2,0,1186,1,0.89,0.36,4951,0,0,1477,1002,1090,350,3919,1000,Medium,613
USR_1123,Rekha Verma,College Student / Freelancer,Tier-2,20000,60,7.1,199,87.3,0,1540,3,0.9,0.32,2579,21722,1,405,546,341,192,1484,500,High,692
USR_1124,Kiran Hegde,Small Artisan / Handloom,Rural,20000,28,4.6,299,93.6,0,2016,2,0.7,0.39,1724,0,0,1272,685,703,571,3231,800,High,698
USR_1125,Ankit Nair,Private School Teacher,Tier-3,45000,45,1.0,666,81.6,2,1740,3,0.61,0.28,726,0,0,2632,3217,4047,427,10323,2600,High,628
USR_1126,Anjali Verma,Auto Rickshaw Driver,Tier-3,20000,28,2.7,666,53.5,1,1932,3,0.78,0.85,989,77645,4,1960,1103,872,295,4230,1100,Medium,588
USR_1127,Ravi Rao,Beautician / Salon Owner,Tier-2,15000,30,7.2,479,77.7,0,1095,3,0.82,0.77,943,0,0,768,355,391,75,1589,500,High,702
USR_1128,Amitabh Bhatia,IT Engineer,Tier-2,50000,28,4.5,666,98.7,2,1842,5,0.82,0.79,1983,183917,0,3249,2646,1884,349,8128,2000,High,689
USR_1129,Karan Begum,Repair Shop Owner,Tier-2,50000,30,6.7,719,70.3,1,2197,3,0.43,0.88,870,94987,4,10026,7391,4634,1994,24045,6000,Medium,605
USR_1130,Deepak Singh,Small Restaurant Owner,Tier-2,12000,60,5.5,666,64.3,0,2024,3,0.38,0.52,4727,37627,4,1560,1366,2140,209,5275,1300,Low,583
USR_1131,Divya Rao,Kirana Shop Owner,Tier-3,50000,60,1.3,719,98.6,0,1505,4,0.66,0.3,3066,167906,4,5352,4045,2311,1149,12857,3200,Medium,702
USR_1132,Karan Bose,Gig Delivery Worker,Tier-2,20000,30,3.6,299,82.2,0,1540,4,0.35,0.38,673,58874,2,5612,1317,3809,910,11648,2900,Medium,640
USR_1133,Swati Kumar,College Student / Freelancer,Tier-2,12000,28,11.3,199,67.0,4,1177,4,0.35,0.57,553,0,0,3310,1457,1284,427,6478,1600,High,474
USR_1134,Rohit Yadav,Small Artisan / Handloom,Rural,50000,30,8.6,719,45.5,0,2230,1,0.5,0.41,1426,58129,3,9245,5533,6705,662,22145,5500,High,544
USR_1135,Kavita Chauhan,Private School Teacher,Tier-3,35000,28,6.2,719,87.2,0,1429,4,0.47,0.83,1734,0,0,7875,5044,2017,1539,16475,4100,Low,730
USR_1136,Radhika Chauhan,Auto Rickshaw Driver,Tier-3,30000,30,5.3,479,75.9,0,1598,2,0.48,0.46,3593,68533,4,2863,3171,4627,1488,12149,3000,High,630
USR_1137,Ankit Tiwari,Beautician / Salon Owner,Tier-2,25000,28,9.8,199,58.6,0,1433,4,0.53,0.92,4768,52708,1,5079,3234,1476,604,10393,2600,Low,611
USR_1138,Vikram Rao,IT Engineer,Tier-2,40000,45,10.4,479,64.9,0,951,4,0.61,0.79,4328,140710,1,4873,2637,3175,1226,11911,3000,High,616
USR_1139,Kavita Nair,Repair Shop Owner,Tier-2,20000,28,6.5,666,58.7,0,836,3,0.94,0.55,3793,0,0,424,218,346,43,1031,500,Medium,684
USR_1140,Harish Gupta,Small Restaurant Owner,Tier-2,12000,28,11.2,299,70.7,0,1982,8,0.48,0.77,4419,0,0,2241,1563,1349,561,5714,1400,Low,664
USR_1141,Rajesh Kulkarni,Kirana Shop Owner,Tier-3,20000,45,5.2,479,40.8,0,1725,0,0.52,0.4,305,30975,4,3882,2007,3316,537,9742,2400,High,541
USR_1142,Sneha Joshi,Gig Delivery Worker,Tier-2,40000,28,5.8,666,42.7,0,2344,5,0.41,0.29,2946,109424,4,6019,5557,6835,499,18910,4700,Medium,525
USR_1143,Harish Bhatia,College Student / Freelancer,Tier-2,40000,30,4.5,719,49.5,0,1631,5,0.6,0.77,1992,62424,2,6535,4379,4497,1274,16685,4200,Medium,621
USR_1144,Nisha Kapoor,Small Artisan / Handloom,Rural,15000,60,5.5,199,55.8,3,1700,2,0.77,0.41,3016,46571,4,1322,869,506,93,2790,700,High,476
USR_1145,Pooja Kumar,Private School Teacher,Tier-3,45000,28,3.5,719,92.8,0,1526,0,0.75,0.49,4499,0,0,2785,3152,3926,967,10830,2700,High,742
USR_1146,Prakash Bose,Auto Rickshaw Driver,Tier-3,20000,60,3.3,719,59.1,4,2261,2,0.4,0.48,177,78595,4,2912,1518,2734,245,7409,1900,High,431
USR_1147,Vikram Chatterjee,Beautician / Salon Owner,Tier-2,20000,30,11.9,479,66.5,1,1156,4,0.67,0.4,4978,0,0,2276,1721,1839,445,6281,1600,Medium,593
USR_1148,Divya Chopra,IT Engineer,Tier-2,40000,60,7.8,199,78.7,4,453,4,0.38,0.67,2319,0,0,4170,5879,2634,836,13519,3400,High,531
USR_1149,Anjali Begum,Repair Shop Owner,Tier-2,20000,30,11.5,719,49.2,1,909,4,0.37,0.56,514,76287,4,4381,1792,3978,1145,11296,2800,Low,466
USR_1150,Suresh Verma,Small Restaurant Owner,Tier-2,20000,28,10.8,199,67.9,2,437,1,0.94,0.85,4277,0,0,210,212,141,44,607,500,Low,613
USR_1151,Anjali Chauhan,Kirana Shop Owner,Tier-3,35000,60,1.4,719,71.8,4,665,1,0.44,0.4,3189,35927,4,5089,3346,3442,1921,13798,3400,Medium,505
USR_1152,Shweta Chopra,Gig Delivery Worker,Tier-2,40000,28,10.0,479,73.8,2,601,2,0.72,0.45,2490,97962,4,4443,1247,2292,634,8616,2200,High,518
USR_1153,Divya Iyer,College Student / Freelancer,Tier-2,45000,30,2.8,719,99.4,3,1117,3,0.64,0.86,1870,0,0,4407,2683,3458,1312,11860,3000,Medium,686
USR_1154,Nisha Kulkarni,Small Artisan / Handloom,Rural,35000,28,6.9,199,84.5,0,589,4,0.89,0.69,2925,75690,4,869,1107,1245,180,3401,800,High,648
USR_1155,Harish Singh,Private School Teacher,Tier-3,25000,30,3.0,719,92.4,0,879,0,0.87,0.83,3173,0,0,635,622,610,89,1956,500,Low,767
USR_1156,Nisha Nair,Auto Rickshaw Driver,Tier-3,40000,28,9.4,719,49.3,0,1245,5,0.37,0.4,1768,118120,4,7634,5046,2836,574,16090,4000,High,510
USR_1157,Suresh Mehta,Beautician / Salon Owner,Tier-2,12000,30,9.2,199,60.2,0,2001,5,0.38,0.66,3292,33155,4,2979,2123,1424,338,6864,1700,High,559
USR_1158,Kiran Iyer,IT Engineer,Tier-2,45000,28,11.6,479,78.2,1,1737,2,0.71,0.62,1817,0,0,3287,2494,3517,827,10125,2500,Medium,617
USR_1159,Karan Saxena,Repair Shop Owner,Tier-2,20000,28,4.1,666,55.7,0,2136,4,0.41,0.37,3016,81931,4,3545,1762,2569,860,8736,2200,High,570
USR_1160,Ankit Chopra,Small Restaurant Owner,Tier-2,30000,28,11.3,199,40.4,0,1759,5,0.76,0.45,1033,62052,3,2874,892,2042,450,6258,1600,Medium,540
USR_1161,Arjun Saxena,Kirana Shop Owner,Tier-3,25000,30,7.8,199,63.4,0,399,1,0.7,0.33,4377,80674,4,2386,2163,905,302,5756,1400,High,555
USR_1162,Harish Singh,Gig Delivery Worker,Tier-2,50000,45,9.5,666,77.0,2,790,5,0.83,0.27,3932,71378,3,1344,1740,1313,842,5239,1300,High,525
USR_1163,Sanjay Nair,College Student / Freelancer,Tier-2,12000,28,10.8,199,59.7,0,486,3,0.58,0.84,4135,29370,1,2166,623,1680,376,4845,1200,Low,613
USR_1164,Anjali Begum,Small Artisan / Handloom,Rural,35000,30,7.6,666,73.7,1,450,1,0.72,0.94,3342,73819,2,2655,2613,2975,675,8918,2200,Medium,634
USR_1165,Ramesh Verma,Private School Teacher,Tier-3,25000,28,8.3,719,44.2,0,699,2,0.6,0.37,4408,42741,4,3694,2916,1551,908,9069,2300,High,534
USR_1166,Neha Verma,Auto Rickshaw Driver,Tier-3,35000,30,8.3,719,63.9,0,2265,1,0.92,0.42,627,0,0,840,522,454,178,1994,500,Medium,648
USR_1167,Kavita Bose,Beautician / Salon Owner,Tier-2,35000,28,1.0,479,89.7,1,1832,2,0.86,0.85,2258,76947,3,1402,1254,1712,172,4540,1100,Medium,689
USR_1168,Suresh Kapoor,IT Engineer,Tier-2,20000,45,5.3,666,72.8,0,652,3,0.4,0.54,591,62079,3,2386,1761,1271,1041,6459,1600,High,615
USR_1169,Rohit Sharma,Repair Shop Owner,Tier-2,50000,28,1.1,479,65.2,0,2187,4,0.77,0.52,2874,58025,3,3677,2878,1529,702,8786,2200,Low,664
USR_1170,Rohit Choudhary,Small Restaurant Owner,Tier-2,12000,28,9.9,719,45.4,0,411,3,0.75,0.89,3819,0,0,885,716,714,111,2426,600,Low,620
USR_1171,Siddharth Bhatia,Kirana Shop Owner,Tier-3,40000,28,2.2,666,64.5,0,676,4,0.94,0.5,1752,54225,1,826,660,714,75,2275,600,Medium,685
USR_1172,Ritu Saxena,Gig Delivery Worker,Tier-2,25000,28,1.4,299,66.7,0,558,2,0.65,0.72,4927,0,0,2452,1656,2228,640,6976,1700,Medium,745
USR_1173,Neha Kulkarni,College Student / Freelancer,Tier-2,40000,60,8.4,199,47.8,0,1627,3,0.47,0.73,3926,0,0,7011,4289,2443,912,14655,3700,Low,608
USR_1174,Pallavi Choudhary,Small Artisan / Handloom,Rural,45000,28,8.1,299,55.1,1,767,2,0.95,0.38,3011,61627,1,757,588,698,131,2174,500,High,563
USR_1175,Radhika Chopra,Private School Teacher,Tier-3,35000,28,8.1,299,43.0,3,1569,2,0.4,0.69,1770,0,0,5711,2701,5852,912,15176,3800,High,508
USR_1176,Vivek Kumar,Auto Rickshaw Driver,Tier-3,25000,30,7.2,719,56.3,0,1756,2,0.79,0.49,3358,51761,2,936,1398,1730,377,4441,1100,Medium,605
USR_1177,Amit Joshi,Beautician / Salon Owner,Tier-2,12000,28,4.2,666,55.3,0,1488,4,0.68,0.53,3074,20862,1,938,458,553,380,2329,600,Medium,648
USR_1178,Kiran Bose,IT Engineer,Tier-2,20000,45,4.3,199,64.2,1,1800,1,0.73,0.34,2934,0,0,1944,1353,1718,323,5338,1300,High,623
USR_1179,Manoj Tiwari,Repair Shop Owner,Tier-2,50000,28,5.6,719,87.8,0,797,3,0.52,0.81,3294,0,0,10623,4675,2800,572,18670,4700,Low,733
USR_1180,Karan Begum,Small Restaurant Owner,Tier-2,25000,28,7.6,199,98.6,0,598,4,0.81,0.5,4713,83323,4,2102,1266,834,462,4664,1200,Medium,665
USR_1181,Pallavi Reddy,Kirana Shop Owner,Tier-3,40000,28,5.2,199,55.1,0,1585,2,0.55,0.62,893,0,0,8087,3426,3396,937,15846,4000,Low,650
USR_1182,Amit Malhotra,Gig Delivery Worker,Tier-2,40000,30,11.5,199,50.8,0,1455,2,0.45,0.74,286,128886,1,3576,3800,2742,645,10763,2700,Low,581
USR_1183,Radhika Chauhan,College Student / Freelancer,Tier-2,25000,28,7.0,199,63.8,0,615,2,0.4,0.94,3800,91103,0,4395,3390,4607,1240,13632,3400,Low,664
USR_1184,Meena Chopra,Small Artisan / Handloom,Rural,35000,28,5.4,719,40.6,3,628,4,0.49,0.66,1822,36334,2,3358,2460,3834,1431,11083,2800,High,481
USR_1185,Ravi Saxena,Private School Teacher,Tier-3,25000,28,3.5,299,88.0,1,2117,6,0.48,0.71,2900,28826,3,4928,2660,2037,953,10578,2600,Low,650
USR_1186,Karan Rao,Auto Rickshaw Driver,Tier-3,20000,28,5.1,719,97.1,3,895,2,0.37,0.65,2650,0,0,2652,1910,1617,1176,7355,1800,High,625
USR_1187,Amitabh Das,Beautician / Salon Owner,Tier-2,35000,30,7.9,199,59.8,1,1299,6,0.39,0.75,3671,138841,1,5033,5006,3041,521,13601,3400,Medium,569
USR_1188,Pallavi Bose,IT Engineer,Tier-2,12000,28,11.9,479,98.1,0,2418,2,0.38,0.7,1118,15888,2,2860,1394,1911,534,6699,1700,High,674
USR_1189,Nisha Kulkarni,Repair Shop Owner,Tier-2,35000,30,6.1,199,64.6,4,697,4,0.85,0.84,4345,112078,2,1442,1101,1053,323,3919,1000,High,521
USR_1190,Meena Hegde,Small Restaurant Owner,Tier-2,40000,60,10.6,719,99.5,0,1081,3,0.71,0.67,891,110129,3,2471,2882,1233,561,7147,1800,High,651
USR_1191,Anjali Bhatia,Kirana Shop Owner,Tier-3,35000,28,9.1,199,87.8,1,1642,2,0.6,0.69,2617,34333,3,3299,3456,1483,935,9173,2300,High,622
USR_1192,Shweta Iyer,Gig Delivery Worker,Tier-2,15000,30,4.7,719,55.2,1,906,2,0.54,0.71,4061,28773,2,1712,917,1002,574,4205,1100,Medium,582
USR_1193,Vivek Choudhary,College Student / Freelancer,Tier-2,35000,30,1.3,199,44.9,0,678,2,0.59,0.84,167,109450,3,6168,1492,1986,1304,10950,2700,Low,658
USR_1194,Priya Choudhary,Small Artisan / Handloom,Rural,25000,60,8.8,199,92.8,0,808,3,0.87,0.62,3406,85401,4,792,591,495,318,2196,500,Medium,658
USR_1195,Amit Choudhary,Private School Teacher,Tier-3,20000,45,2.2,299,59.7,0,701,5,0.47,0.48,3216,19641,3,4520,2781,3246,886,11433,2900,Medium,625
USR_1196,Karan Begum,Auto Rickshaw Driver,Tier-3,25000,28,4.4,199,94.2,0,2087,1,0.64,0.65,4638,0,0,3469,1392,2951,250,8062,2000,High,748
USR_1197,Vivek Kapoor,Beautician / Salon Owner,Tier-2,12000,30,3.2,479,58.4,0,689,0,0.62,0.31,3444,48206,4,1079,1170,1371,451,4071,1000,High,582
USR_1198,Kiran Bhatia,IT Engineer,Tier-2,20000,28,1.1,479,97.6,0,493,4,0.7,0.47,2438,0,0,2666,1718,2000,313,6697,1700,High,753
USR_1199,Ravi Reddy,Repair Shop Owner,Tier-2,45000,28,7.5,299,42.8,4,1794,2,0.92,0.47,3899,63503,2,1127,1062,692,174,3055,800,Medium,407
USR_1200,Harish Kapoor,Small Restaurant Owner,Tier-2,50000,28,11.8,299,44.4,1,1609,3,0.84,0.72,2152,89576,4,2430,1313,1992,797,6532,1600,Medium,524
USR_1201,Anjali Gupta,Kirana Shop Owner,Tier-3,20000,28,2.8,719,91.7,0,1518,6,0.49,0.77,1607,23930,3,3705,1498,2930,952,9085,2300,Low,728
USR_1202,Shweta Chopra,Gig Delivery Worker,Tier-2,12000,28,9.7,719,84.3,1,2093,3,0.67,0.28,4059,33387,4,1523,1098,790,352,3763,900,Medium,542
USR_1203,Nisha Kulkarni,College Student / Freelancer,Tier-2,50000,28,5.1,479,47.3,0,2289,3,0.67,0.38,2197,84275,3,4646,4875,4982,1303,15806,4000,High,571
USR_1204,Divya Kapoor,Small Artisan / Handloom,Rural,12000,28,8.3,479,78.1,0,455,4,0.92,0.43,4312,44721,0,291,243,320,89,943,500,High,656
USR_1205,Amit Patel,Private School Teacher,Tier-3,30000,28,3.8,719,63.6,0,651,2,0.65,0.83,3723,43941,2,1850,1842,2135,243,6070,1500,Low,671
USR_1206,Prakash Malhotra,Auto Rickshaw Driver,Tier-3,30000,28,9.3,199,70.5,1,1351,5,0.8,0.85,3513,0,0,2376,1274,1607,564,5821,1500,Medium,647
USR_1207,Nisha Sharma,Beautician / Salon Owner,Tier-2,25000,30,3.3,199,51.8,0,959,5,0.63,0.83,982,95578,1,3285,971,2520,418,7194,1800,Low,633
USR_1208,Shweta Joshi,IT Engineer,Tier-2,45000,30,3.2,199,40.4,0,571,2,0.93,0.4,3733,172156,4,977,438,445,293,2153,500,Medium,573
USR_1209,Suresh Kulkarni,Repair Shop Owner,Tier-2,12000,28,0.5,479,84.3,1,2237,0,0.5,0.59,1212,0,0,2554,1108,1113,581,5356,1300,Medium,682
USR_1210,Karan Reddy,Small Restaurant Owner,Tier-2,12000,28,4.1,479,66.0,2,1099,7,0.59,0.74,2306,0,0,1264,1116,721,393,3494,900,Medium,624
USR_1211,Nisha Kulkarni,Kirana Shop Owner,Tier-3,40000,28,0.8,666,53.0,4,1873,6,0.62,0.34,1109,43488,3,3385,3536,4708,973,12602,3200,Medium,489
USR_1212,Pooja Joshi,Gig Delivery Worker,Tier-2,15000,45,5.3,479,60.5,1,450,2,0.84,0.69,2028,55931,2,986,282,706,210,2184,500,Low,619
USR_1213,Ankit Saxena,College Student / Freelancer,Tier-2,30000,30,6.7,479,51.8,0,391,4,0.92,0.78,4657,53965,0,882,298,421,150,1751,500,Medium,639
USR_1214,Sanjay Mehta,Small Artisan / Handloom,Rural,50000,60,8.9,299,47.3,1,704,2,0.5,0.55,1470,165937,4,5681,6372,4909,1513,18475,4600,High,505
USR_1215,Sanjay Mehta,Private School Teacher,Tier-3,30000,28,1.3,666,95.4,0,1021,1,0.63,0.5,4610,82533,4,3280,1299,3808,681,9068,2300,Medium,696
USR_1216,Divya Chopra,Auto Rickshaw Driver,Tier-3,50000,28,10.2,299,51.7,0,1991,1,0.42,0.28,358,0,0,5376,3161,6074,2538,17149,4300,Medium,547
USR_1217,Sanjana Singh,Beautician / Salon Owner,Tier-2,15000,30,10.4,719,74.3,0,994,1,0.41,0.81,4834,0,0,3624,1948,2435,378,8385,2100,Low,648
USR_1218,Amit Bhatia,IT Engineer,Tier-2,35000,28,1.6,299,43.4,0,2308,3,0.86,0.66,2622,35417,4,1289,1081,587,365,3322,800,High,593
USR_1219,Shweta Hegde,Repair Shop Owner,Tier-2,40000,30,9.3,719,72.2,0,1882,3,0.75,0.54,1560,58469,3,2127,2391,3360,996,8874,2200,Medium,609
USR_1220,Manoj Kapoor,Small Restaurant Owner,Tier-2,25000,45,9.8,299,42.1,0,2096,2,0.9,0.53,4164,99766,4,1081,588,477,237,2383,600,Low,508
USR_1221,Sanjana Patel,Kirana Shop Owner,Tier-3,45000,30,11.1,479,52.3,2,1924,1,0.52,0.47,4916,147837,4,5684,5623,4506,1934,17747,4400,Medium,465
USR_1222,Sunita Choudhary,Gig Delivery Worker,Tier-2,50000,28,3.3,666,53.7,0,959,2,0.59,0.29,2958,0,0,4008,4501,5456,1097,15062,3800,High,624
USR_1223,Suresh Devi,College Student / Freelancer,Tier-2,40000,28,11.2,479,70.9,2,1327,5,0.64,0.8,3476,0,0,6466,2669,1840,323,11298,2800,High,584
USR_1224,Anjali Nair,Small Artisan / Handloom,Rural,40000,60,6.4,199,68.2,2,970,1,0.53,0.82,2410,59937,2,8121,3169,6524,1105,18919,4700,Low,593
USR_1225,Vikram Saxena,Private School Teacher,Tier-3,35000,28,8.6,719,45.8,1,920,1,0.36,0.82,758,102308,2,3542,5750,2298,1813,13403,3400,High,560
USR_1226,Kavita Begum,Auto Rickshaw Driver,Tier-3,50000,45,4.4,719,96.7,0,2348,1,0.88,0.44,2414,202247,4,2176,1305,1830,308,5619,1400,High,641
USR_1227,Vivek Tiwari,Beautician / Salon Owner,Tier-2,35000,28,1.4,666,45.2,0,2426,4,0.84,0.94,547,142548,1,863,848,1189,422,3322,800,Medium,693
USR_1228,Radhika Joshi,IT Engineer,Tier-2,25000,60,10.3,666,90.7,0,897,1,0.4,0.74,753,0,0,5927,1540,4858,334,12659,3200,Low,716
USR_1229,Swati Chopra,Repair Shop Owner,Tier-2,20000,30,4.4,666,82.3,0,1951,1,0.46,0.38,2613,0,0,1877,2607,2846,969,8299,2100,Medium,695
USR_1230,Amitabh Patel,Small Restaurant Owner,Tier-2,25000,28,5.8,199,92.0,0,2426,5,0.54,0.63,3470,83654,1,1895,2038,2166,520,6619,1700,Medium,688
USR_1231,Vikram Hegde,Kirana Shop Owner,Tier-3,15000,28,9.3,299,86.8,0,1710,2,0.86,0.53,2530,38315,4,490,376,570,178,1614,500,Medium,634
USR_1232,Ritu Rao,Gig Delivery Worker,Tier-2,20000,28,2.8,199,77.2,0,576,2,0.6,0.76,1165,44531,4,3491,2080,1283,203,7057,1800,Medium,675
USR_1233,Ravi Chopra,College Student / Freelancer,Tier-2,50000,30,10.4,719,61.6,1,988,1,0.36,0.55,1713,0,0,12155,5146,9693,1392,28386,7100,Medium,585
USR_1234,Manoj Das,Small Artisan / Handloom,Rural,50000,30,7.5,299,49.4,2,1550,2,0.7,0.9,2889,132037,1,3297,2976,2663,518,9454,2400,Medium,572
USR_1235,Amitabh Chauhan,Private School Teacher,Tier-3,50000,30,3.9,719,92.1,1,533,4,0.85,0.67,3267,133650,1,2562,872,1565,325,5324,1300,Medium,696
USR_1236,Divya Kapoor,Auto Rickshaw Driver,Tier-3,12000,28,7.2,299,92.6,0,1327,4,0.4,0.33,341,16794,3,1911,2077,1818,624,6430,1600,High,628
USR_1237,Ravi Iyer,Beautician / Salon Owner,Tier-2,50000,60,10.4,299,60.5,4,879,2,0.77,0.78,4198,0,0,5090,1300,3512,824,10726,2700,High,510
USR_1238,Ramesh Malhotra,IT Engineer,Tier-2,35000,30,2.9,299,89.6,1,1310,1,0.63,0.93,3241,93171,0,5720,2227,2842,627,11416,2900,Medium,710
USR_1239,Nisha Begum,Repair Shop Owner,Tier-2,45000,28,8.2,199,40.7,0,1874,7,0.91,0.51,2286,0,0,1013,610,1043,89,2755,700,High,632
USR_1240,Harish Gupta,Small Restaurant Owner,Tier-2,50000,28,9.2,719,83.6,2,716,3,0.67,0.33,1093,0,0,5154,2587,5753,1605,15099,3800,High,587
USR_1241,Swati Jain,Kirana Shop Owner,Tier-3,45000,30,8.3,299,61.1,0,585,5,0.84,0.67,3129,0,0,2599,1921,821,574,5915,1500,High,667
USR_1242,Rohit Bhatia,Gig Delivery Worker,Tier-2,12000,28,11.5,199,50.0,1,686,3,0.44,0.8,2553,0,0,1303,1540,1063,218,4124,1000,Medium,554
USR_1243,Deepak Kumar,College Student / Freelancer,Tier-2,20000,60,11.2,719,99.0,0,948,3,0.51,0.9,607,0,0,4136,1310,3352,551,9349,2300,Medium,704
USR_1244,Kiran Gupta,Small Artisan / Handloom,Rural,35000,28,7.1,299,70.8,0,1231,4,0.49,0.37,710,59613,3,2970,1848,2243,602,7663,1900,High,612
USR_1245,Ravi Iyer,Private School Teacher,Tier-3,50000,28,4.4,299,81.5,1,2455,4,0.82,0.91,1975,117683,2,2188,2271,3006,857,8322,2100,Low,685
USR_1246,Sanjana Devi,Auto Rickshaw Driver,Tier-3,25000,45,3.6,719,78.0,1,865,1,0.58,0.71,815,0,0,2315,2419,2113,710,7557,1900,Low,693
USR_1247,Divya Saxena,Beautician / Salon Owner,Tier-2,25000,45,12.0,719,55.9,1,2423,3,0.94,0.95,902,32112,1,592,263,183,71,1109,500,High,580
USR_1248,Manoj Patel,IT Engineer,Tier-2,20000,45,3.7,719,48.6,1,1900,3,0.39,0.7,4920,67984,3,2297,2640,2134,277,7348,1800,Medium,587
USR_1249,Shweta Chatterjee,Repair Shop Owner,Tier-2,35000,30,7.3,299,88.8,1,847,3,0.74,0.45,2303,53190,4,3772,2655,1347,704,8478,2100,High,612
USR_1250,Pallavi Saxena,Small Restaurant Owner,Tier-2,20000,30,0.6,666,83.1,0,1910,3,0.49,0.71,4166,35937,4,3577,1934,2264,370,8145,2000,Medium,701
USR_1251,Neha Tiwari,Kirana Shop Owner,Tier-3,40000,30,5.6,199,74.0,3,2061,4,0.63,0.43,4582,161813,4,5024,3087,1958,740,10809,2700,Medium,488
USR_1252,Suresh Nair,Gig Delivery Worker,Tier-2,25000,28,11.2,479,96.0,0,1140,0,0.86,0.51,3192,0,0,976,564,1191,340,3071,800,Low,713
USR_1253,Sunita Singh,College Student / Freelancer,Tier-2,12000,30,7.6,299,46.0,0,354,2,0.95,0.83,4243,13135,1,256,103,75,45,479,500,Low,631
USR_1254,Harish Verma,Small Artisan / Handloom,Rural,50000,28,1.9,299,93.9,1,594,2,0.66,0.28,495,0,0,6064,2860,2616,1446,12986,3200,Medium,704
USR_1255,Ritu Kapoor,Private School Teacher,Tier-3,30000,28,11.5,479,74.0,0,2422,4,0.5,0.76,170,87057,2,6539,4209,4176,1281,16205,4100,Medium,616
USR_1256,Nisha Begum,Auto Rickshaw Driver,Tier-3,50000,28,8.0,479,91.6,0,1637,2,0.7,0.44,253,148813,4,3179,3705,4749,925,12558,3100,High,625
USR_1257,Neha Chauhan,Beautician / Salon Owner,Tier-2,25000,28,10.3,199,46.0,0,877,3,0.72,0.51,3965,75775,2,2548,1923,921,625,6017,1500,Medium,546
USR_1258,Nisha Chauhan,IT Engineer,Tier-2,40000,45,7.2,199,88.9,3,1429,5,0.64,0.87,4176,81595,3,4634,2126,4298,848,11906,3000,Medium,571
USR_1259,Sunita Rao,Repair Shop Owner,Tier-2,45000,60,4.0,299,50.2,0,763,3,0.53,0.74,1710,70090,2,4923,5207,2520,1546,14196,3500,Low,611
USR_1260,Ramesh Singh,Small Restaurant Owner,Tier-2,35000,60,7.2,719,91.2,0,2223,4,0.46,0.61,501,140623,4,4968,5380,4464,785,15597,3900,High,636
USR_1261,Kiran Joshi,Kirana Shop Owner,Tier-3,25000,30,6.6,719,46.6,0,2141,3,0.7,0.74,1083,0,0,1563,1220,1913,533,5229,1300,Medium,617
USR_1262,Priya Bhatia,Gig Delivery Worker,Tier-2,45000,45,9.5,299,41.6,0,2485,2,0.78,0.62,3431,151912,4,3461,1967,3274,210,8912,2200,High,566
USR_1263,Vikram Devi,College Student / Freelancer,Tier-2,45000,28,11.8,719,79.0,0,1311,2,0.88,0.26,4423,91555,4,1632,1079,688,276,3675,900,Medium,568
USR_1264,Shweta Singh,Small Artisan / Handloom,Rural,45000,30,9.5,479,78.3,0,2325,3,0.89,0.63,1387,0,0,2118,973,885,411,4387,1100,Medium,674
USR_1265,Meena Devi,Private School Teacher,Tier-3,25000,30,9.7,299,49.1,2,1855,2,0.73,0.34,4931,0,0,1802,1456,2212,434,5904,1500,Medium,526
USR_1266,Deepak Joshi,Auto Rickshaw Driver,Tier-3,20000,28,8.2,299,72.6,1,1965,4,0.63,0.38,1753,45141,4,2485,1721,2287,275,6768,1700,Medium,548
USR_1267,Rekha Mehta,Beautician / Salon Owner,Tier-2,20000,28,5.8,299,43.1,2,1050,9,0.86,0.65,4038,23246,3,793,359,351,175,1678,500,Low,544
USR_1268,Rajesh Nair,IT Engineer,Tier-2,30000,60,8.5,479,61.0,0,1894,4,0.58,0.57,1943,79922,4,3257,2581,3372,523,9733,2400,Low,566
USR_1269,Harish Tiwari,Repair Shop Owner,Tier-2,30000,28,1.5,479,70.6,0,1090,1,0.92,0.55,2386,32451,4,747,484,385,190,1806,500,Low,671
USR_1270,Rekha Hegde,Small Restaurant Owner,Tier-2,45000,28,8.2,479,88.3,2,2210,4,0.36,0.36,3901,108445,4,12265,4672,4385,2530,23852,6000,High,519
USR_1271,Priya Tiwari,Kirana Shop Owner,Tier-3,15000,30,4.6,199,89.8,1,1044,3,0.79,0.85,4842,0,0,1040,648,336,125,2149,500,Medium,735
USR_1272,Siddharth Kapoor,Gig Delivery Worker,Tier-2,15000,28,8.0,666,85.0,1,2479,2,0.61,0.88,3452,0,0,1234,1606,672,532,4044,1000,Medium,708
USR_1273,Harish Das,College Student / Freelancer,Tier-2,25000,28,4.6,666,51.4,0,984,6,0.55,0.68,604,0,0,2994,2889,2511,387,8781,2200,High,655
USR_1274,Swati Begum,Small Artisan / Handloom,Rural,25000,30,1.8,479,92.5,1,1870,2,0.44,0.98,3149,47341,2,2308,1665,1514,839,6326,1600,Medium,698
USR_1275,Vivek Choudhary,Private School Teacher,Tier-3,20000,28,8.4,199,55.9,1,2387,2,0.67,0.3,4676,0,0,2292,1747,1728,643,6410,1600,High,566
USR_1276,Pooja Chatterjee,Auto Rickshaw Driver,Tier-3,45000,30,6.0,479,64.3,4,547,3,0.52,0.3,3559,99868,4,9015,3936,2944,1338,17233,4300,High,446
USR_1277,Rajesh Kumar,Beautician / Salon Owner,Tier-2,40000,28,0.6,666,79.5,0,1531,3,0.87,0.27,545,0,0,1763,1297,792,327,4179,1000,High,709
USR_1278,Neha Patel,IT Engineer,Tier-2,30000,60,0.8,479,44.8,0,2188,1,0.55,0.41,4633,0,0,4048,1515,3761,943,10267,2600,High,673
USR_1279,Siddharth Choudhary,Repair Shop Owner,Tier-2,40000,60,8.5,199,70.2,0,1272,3,0.81,0.77,1894,136239,4,1687,1251,1109,502,4549,1100,Low,635
USR_1280,Manoj Mehta,Small Restaurant Owner,Tier-2,30000,28,9.1,666,67.1,0,1701,2,0.58,0.93,2564,0,0,5339,3461,2840,693,12333,3100,Low,665
USR_1281,Manoj Kumar,Kirana Shop Owner,Tier-3,30000,28,9.6,479,63.0,2,1947,1,0.5,0.92,2949,86769,2,5881,3069,1937,454,11341,2800,Medium,549
USR_1282,Amit Bhatia,Gig Delivery Worker,Tier-2,50000,28,0.9,299,83.7,0,1116,2,0.59,0.6,2750,0,0,4130,5362,5601,1321,16414,4100,Medium,748
USR_1283,Deepak Devi,College Student / Freelancer,Tier-2,25000,30,11.2,199,78.4,0,2295,2,0.8,0.83,2523,0,0,1151,910,1623,458,4142,1000,Low,677
USR_1284,Shweta Sharma,Small Artisan / Handloom,Rural,45000,30,6.5,299,83.8,1,1089,4,0.91,0.54,3984,137440,4,658,1077,983,277,2995,700,Medium,620
USR_1285,Nisha Sharma,Private School Teacher,Tier-3,35000,30,3.2,479,41.1,0,1465,3,0.83,0.84,2134,65791,2,2176,1022,1502,301,5001,1200,Low,635
USR_1286,Ramesh Das,Auto Rickshaw Driver,Tier-3,25000,30,8.1,719,45.9,0,1859,3,0.61,0.42,1526,0,0,1683,2588,2017,659,6947,1700,Medium,576
USR_1287,Meena Choudhary,Beautician / Salon Owner,Tier-2,12000,45,6.0,666,53.4,3,1058,3,0.49,0.94,938,33688,4,1793,1829,1651,158,5431,1400,High,489
USR_1288,Ritu Das,IT Engineer,Tier-2,40000,28,0.5,199,50.5,0,2313,1,0.71,0.69,416,0,0,3633,2458,2668,798,9557,2400,Low,686
USR_1289,Radhika Gupta,Repair Shop Owner,Tier-2,30000,45,7.8,666,65.8,0,1920,2,0.56,0.6,2565,99682,4,5697,3445,4126,845,14113,3500,High,579
USR_1290,Ramesh Singh,Small Restaurant Owner,Tier-2,12000,28,12.0,719,45.9,0,425,1,0.63,0.57,4018,0,0,1233,740,795,363,3131,800,Low,558
USR_1291,Rohit Yadav,Kirana Shop Owner,Tier-3,25000,45,6.3,199,54.1,3,2190,5,0.84,0.39,1146,0,0,1086,1145,489,243,2963,700,High,541
USR_1292,Anjali Bose,Gig Delivery Worker,Tier-2,30000,30,8.8,299,45.1,3,725,3,0.49,0.93,4551,0,0,2384,2530,3931,642,9487,2400,High,509
USR_1293,Rajesh Saxena,College Student / Freelancer,Tier-2,45000,60,11.5,299,54.0,0,1873,2,0.51,0.56,3690,91110,2,6471,3001,4882,1683,16037,4000,Low,572
USR_1294,Deepak Kulkarni,Small Artisan / Handloom,Rural,35000,28,10.2,479,70.6,0,2281,5,0.54,0.56,1225,37884,4,3682,1778,2539,1354,9353,2300,High,591
USR_1295,Rekha Chatterjee,Private School Teacher,Tier-3,30000,28,11.2,719,57.5,0,1134,4,0.48,0.66,3116,67975,3,5606,3550,2810,428,12394,3100,Medium,541
USR_1296,Priya Rao,Auto Rickshaw Driver,Tier-3,35000,28,7.3,719,40.3,0,938,5,0.9,0.32,2393,0,0,1198,639,606,175,2618,700,High,586
USR_1297,Sanjana Bhatia,Beautician / Salon Owner,Tier-2,15000,28,2.0,199,91.0,0,547,1,0.74,0.87,1533,32819,1,739,914,885,302,2840,700,Low,754
USR_1298,Vikram Kapoor,IT Engineer,Tier-2,50000,45,4.7,719,96.8,0,827,2,0.75,0.92,1793,54285,0,4992,3166,2345,626,11129,2800,Low,746
USR_1299,Siddharth Kapoor,Repair Shop Owner,Tier-2,25000,28,0.7,199,56.8,0,1409,2,0.56,0.8,2798,0,0,4816,2843,2760,654,11073,2800,Low,710
USR_1300,Radhika Iyer,Small Restaurant Owner,Tier-2,50000,28,7.2,199,67.3,2,2317,3,0.7,0.62,188,0,0,2602,3564,4443,1254,11863,3000,Low,598
USR_1301,Meena Singh,Kirana Shop Owner,Tier-3,30000,28,5.9,199,69.4,0,2065,7,0.71,0.28,2538,46580,4,2433,1954,1031,524,5942,1500,Medium,620
USR_1302,Nisha Reddy,Gig Delivery Worker,Tier-2,40000,28,9.3,719,69.1,1,340,3,0.4,0.92,3477,84631,2,9616,2609,3819,2188,18232,4600,Low,614
USR_1303,Sneha Hegde,College Student / Freelancer,Tier-2,40000,30,3.5,299,79.8,0,2432,2,0.76,0.37,3959,80765,1,3458,1177,2814,569,8018,2000,High,666
USR_1304,Sanjana Gupta,Small Artisan / Handloom,Rural,35000,28,4.2,479,85.1,3,1519,2,0.9,0.39,4922,0,0,1337,809,762,230,3138,800,Medium,608
USR_1305,Kiran Nair,Private School Teacher,Tier-3,45000,45,6.3,719,77.1,2,528,5,0.54,0.67,3676,134940,4,7521,2285,6519,1172,17497,4400,Low,561
USR_1306,Pooja Iyer,Auto Rickshaw Driver,Tier-3,20000,45,4.6,299,97.7,1,1303,3,0.54,0.6,2442,30590,2,2083,2602,1180,741,6606,1700,High,655
USR_1307,Ankit Kapoor,Beautician / Salon Owner,Tier-2,25000,28,9.3,299,84.1,1,2224,2,0.64,0.57,3825,100427,4,3704,1028,2822,742,8296,2100,Low,574
USR_1308,Arjun Kulkarni,IT Engineer,Tier-2,35000,28,10.4,299,46.6,3,1231,0,0.62,0.28,2765,87287,4,5461,3090,2773,1137,12461,3100,High,397
USR_1309,Rajesh Devi,Repair Shop Owner,Tier-2,15000,30,10.0,479,68.8,0,672,5,0.5,0.97,4916,0,0,2892,1238,2281,395,6806,1700,Low,671
USR_1310,Prakash Chauhan,Small Restaurant Owner,Tier-2,25000,28,4.6,719,47.6,0,624,0,0.39,0.73,2214,0,0,6828,3535,1717,432,12512,3100,High,649
USR_1311,Siddharth Das,Kirana Shop Owner,Tier-3,50000,30,3.8,199,60.5,4,1504,1,0.7,0.9,3300,204528,4,5086,2378,2900,1103,11467,2900,Medium,511
USR_1312,Sunita Reddy,Gig Delivery Worker,Tier-2,15000,28,5.6,199,58.2,0,446,1,0.74,0.57,4749,40259,3,1407,443,578,144,2572,600,High,598
USR_1313,Prakash Hegde,College Student / Freelancer,Tier-2,50000,28,1.1,719,61.1,0,409,4,0.77,0.61,2611,121702,3,4162,3313,2096,268,9839,2500,Medium,643
USR_1314,Radhika Iyer,Small Artisan / Handloom,Rural,12000,60,2.8,299,54.1,0,1740,3,0.86,0.63,617,0,0,513,268,345,73,1199,500,Low,685
USR_1315,Shweta Verma,Private School Teacher,Tier-3,25000,28,8.4,479,65.9,0,2471,3,0.94,0.46,2176,26000,4,466,233,173,49,921,500,High,588
USR_1316,Rohit Hegde,Auto Rickshaw Driver,Tier-3,40000,28,6.3,479,53.0,1,2435,2,0.62,0.44,4143,108825,3,3109,1781,4233,542,9665,2400,High,551
USR_1317,Swati Chatterjee,Beautician / Salon Owner,Tier-2,25000,28,4.7,199,84.1,0,2253,2,0.61,0.85,4230,93725,0,1565,2753,2864,546,7728,1900,Medium,720
USR_1318,Sunita Chatterjee,IT Engineer,Tier-2,30000,28,6.7,199,67.5,1,1393,1,0.94,0.95,1670,0,0,726,399,198,165,1488,500,Medium,686
USR_1319,Pooja Kapoor,Repair Shop Owner,Tier-2,20000,30,4.3,719,60.2,0,344,3,0.68,0.26,565,66210,2,2335,959,2044,544,5882,1500,High,602
USR_1320,Amit Jain,Small Restaurant Owner,Tier-2,15000,28,7.4,199,91.0,0,1771,3,0.68,0.94,2133,43885,3,1925,1435,507,139,4006,1000,Low,704
USR_1321,Ravi Bose,Kirana Shop Owner,Tier-3,12000,30,1.1,479,83.3,1,2410,6,0.58,0.86,828,30662,0,1051,1337,1550,218,4156,1000,High,709
USR_1322,Harish Begum,Gig Delivery Worker,Tier-2,12000,30,3.4,666,82.2,3,1199,4,0.65,0.64,4071,0,0,1466,515,1176,252,3409,900,High,639
USR_1323,Shweta Joshi,College Student / Freelancer,Tier-2,50000,45,0.9,479,97.1,1,1854,2,0.91,0.61,3189,0,0,1175,1098,1210,344,3827,1000,Medium,733
USR_1324,Sanjana Kumar,Small Artisan / Handloom,Rural,35000,60,1.1,299,99.9,3,2082,3,0.46,0.82,1631,0,0,7601,5094,5535,1709,19939,5000,High,679
USR_1325,Sneha Yadav,Private School Teacher,Tier-3,30000,28,10.9,479,42.3,1,411,4,0.79,0.5,3437,42949,3,1157,1356,694,391,3598,900,High,506
USR_1326,Kavita Malhotra,Auto Rickshaw Driver,Tier-3,50000,28,3.5,719,85.4,1,563,3,0.88,0.67,4078,0,0,1241,732,1681,195,3849,1000,High,697
USR_1327,Amit Chopra,Beautician / Salon Owner,Tier-2,30000,28,4.1,199,41.9,1,2138,3,0.93,0.97,2611,0,0,644,332,350,198,1524,500,Low,667
USR_1328,Ankit Choudhary,IT Engineer,Tier-2,40000,28,2.4,666,58.4,2,459,5,0.76,0.5,1458,0,0,3602,2197,1812,229,7840,2000,Low,633
USR_1329,Sunita Iyer,Repair Shop Owner,Tier-2,50000,28,4.7,666,56.8,1,421,2,0.73,0.29,2096,65761,4,5784,1497,2772,1034,11087,2800,High,544
USR_1330,Deepak Joshi,Small Restaurant Owner,Tier-2,50000,45,1.5,719,94.9,0,1763,1,0.45,0.79,1576,145107,1,10243,4414,7303,898,22858,5700,Medium,751
USR_1331,Swati Begum,Kirana Shop Owner,Tier-3,12000,30,8.2,199,92.9,3,732,2,0.78,0.73,3161,26217,2,965,530,731,105,2331,600,Medium,597
USR_1332,Kiran Tiwari,Gig Delivery Worker,Tier-2,15000,30,3.8,666,40.8,3,1376,2,0.7,0.65,1174,46100,4,675,1293,635,174,2777,700,Medium,471
USR_1333,Neha Chopra,College Student / Freelancer,Tier-2,30000,60,4.1,666,62.9,4,844,3,0.72,0.6,2351,85822,4,2906,958,2165,808,6837,1700,High,488
USR_1334,Kiran Hegde,Small Artisan / Handloom,Rural,20000,28,5.5,666,45.7,0,1209,2,0.62,0.69,3490,75517,3,2142,862,1642,651,5297,1300,Medium,606
USR_1335,Neha Chauhan,Private School Teacher,Tier-3,40000,60,1.9,299,81.9,2,950,3,0.43,0.39,371,39592,4,5584,6717,3384,1086,16771,4200,Medium,589
USR_1336,Harish Chauhan,Auto Rickshaw Driver,Tier-3,25000,28,5.0,299,67.4,0,2253,2,0.59,0.48,2060,64789,4,2895,2030,3199,783,8907,2200,High,620
USR_1337,Arjun Chatterjee,Beautician / Salon Owner,Tier-2,25000,28,4.2,479,56.1,2,397,3,0.65,0.89,2123,27993,0,1955,2066,1140,254,5415,1400,Medium,632
USR_1338,Pallavi Mehta,IT Engineer,Tier-2,25000,28,4.1,479,91.2,2,1999,4,0.51,0.34,2597,53106,4,3173,2795,3985,405,10358,2600,Medium,590
USR_1339,Rekha Hegde,Repair Shop Owner,Tier-2,40000,30,4.5,479,43.8,1,425,4,0.37,0.89,1643,99112,2,4014,3905,2726,1351,11996,3000,High,569
USR_1340,Suresh Chatterjee,Small Restaurant Owner,Tier-2,50000,30,8.7,719,52.7,1,783,7,0.51,0.48,672,81942,4,10352,2961,6861,1837,22011,5500,Medium,518
USR_1341,Nisha Chopra,Kirana Shop Owner,Tier-3,50000,28,1.2,666,55.4,1,387,4,0.81,0.6,3126,192842,3,3824,2472,1924,364,8584,2100,Medium,596
USR_1342,Meena Patel,Gig Delivery Worker,Tier-2,35000,28,7.5,479,54.7,0,2047,1,0.86,0.5,4867,0,0,1129,530,1353,274,3286,800,Low,641
USR_1343,Ravi Verma,College Student / Freelancer,Tier-2,12000,45,2.1,199,46.8,1,2305,3,0.74,0.49,4314,28373,3,1346,407,319,121,2193,500,High,566
USR_1344,Deepak Sharma,Small Artisan / Handloom,Rural,12000,30,8.4,199,55.0,1,1587,3,0.48,0.33,3447,0,0,2715,1534,705,566,5520,1400,High,551
USR_1345,Neha Bose,Private School Teacher,Tier-3,35000,28,4.2,479,45.0,0,1269,4,0.83,0.69,1072,117777,3,1784,958,2043,434,5219,1300,Medium,617
USR_1346,Karan Gupta,Auto Rickshaw Driver,Tier-3,35000,30,3.8,719,80.7,4,363,1,0.51,0.86,258,97912,4,5017,4426,2287,769,12499,3100,High,527
USR_1347,Harish Mehta,Beautician / Salon Owner,Tier-2,20000,28,6.8,719,41.3,0,2326,2,0.84,0.33,4720,0,0,654,775,627,166,2222,600,High,587
USR_1348,Rekha Patel,IT Engineer,Tier-2,35000,28,8.4,479,99.2,1,1731,1,0.75,0.91,4913,48809,0,3591,1390,878,331,6190,1500,Medium,676
USR_1349,Pooja Kumar,Repair Shop Owner,Tier-2,45000,28,11.3,299,59.8,0,597,2,0.56,0.8,2953,0,0,6338,4687,1994,1870,14889,3700,Low,648
USR_1350,Rohit Kumar,Small Restaurant Owner,Tier-2,50000,28,2.3,666,98.9,3,2275,2,0.76,0.96,3660,0,0,4695,1591,1947,568,8801,2200,Medium,694
USR_1351,Vivek Rao,Kirana Shop Owner,Tier-3,35000,28,0.6,719,71.6,0,544,3,0.38,0.25,1707,0,0,8009,4137,5882,1058,19086,4800,High,677
USR_1352,Amit Jain,Gig Delivery Worker,Tier-2,15000,28,3.3,299,46.2,0,586,2,0.64,0.91,270,43397,2,1587,1420,624,460,4091,1000,Low,637
USR_1353,Harish Rao,College Student / Freelancer,Tier-2,50000,30,2.4,199,63.9,0,1038,6,0.39,0.62,4850,0,0,5223,4205,8931,2663,21022,5300,Medium,683
USR_1354,Suresh Mehta,Small Artisan / Handloom,Rural,30000,28,2.8,479,60.3,0,1418,2,0.71,0.54,1563,0,0,3254,2362,1946,265,7827,2000,Medium,681
USR_1355,Meena Das,Private School Teacher,Tier-3,30000,28,10.0,666,73.5,3,544,2,0.69,0.54,1494,61394,4,3001,1234,1220,205,5660,1400,Medium,497
USR_1356,Amitabh Hegde,Auto Rickshaw Driver,Tier-3,30000,45,1.1,199,69.4,2,2133,6,0.36,0.71,3549,0,0,8454,5233,4074,480,18241,4600,Medium,650
USR_1357,Ravi Malhotra,Beautician / Salon Owner,Tier-2,15000,30,5.0,299,56.6,0,653,3,0.85,0.66,3387,0,0,534,436,762,183,1915,500,High,664
USR_1358,Radhika Begum,IT Engineer,Tier-2,45000,28,10.4,719,69.9,3,1583,3,0.49,0.62,1961,186178,4,6555,2907,2570,1882,13914,3500,High,472
USR_1359,Neha Das,Repair Shop Owner,Tier-2,20000,28,5.9,666,53.7,0,586,1,0.94,0.48,738,57283,1,490,350,194,67,1101,500,Medium,603
USR_1360,Prakash Chatterjee,Small Restaurant Owner,Tier-2,50000,30,3.5,666,81.3,1,2189,3,0.77,0.57,4730,152139,3,5026,1908,3916,1059,11909,3000,Low,658
USR_1361,Sneha Bhatia,Kirana Shop Owner,Tier-3,30000,28,5.5,479,76.7,4,510,0,0.38,0.29,4548,0,0,6568,3803,5496,603,16470,4100,Medium,501
USR_1362,Shweta Nair,Gig Delivery Worker,Tier-2,25000,30,9.3,719,41.1,3,490,6,0.43,0.27,4358,73306,4,4980,3393,4228,417,13018,3300,Medium,387
USR_1363,Shweta Choudhary,College Student / Freelancer,Tier-2,12000,28,8.0,299,42.9,0,1210,2,0.45,0.61,3989,0,0,1203,1303,1811,411,4728,1200,Medium,604
USR_1364,Arjun Chatterjee,Small Artisan / Handloom,Rural,20000,30,9.6,199,49.1,0,927,4,0.87,0.68,1743,0,0,1016,699,335,253,2303,600,High,625
USR_1365,Sanjay Nair,Private School Teacher,Tier-3,25000,30,10.0,719,65.2,4,1804,2,0.64,0.48,1090,0,0,2548,1214,1346,382,5490,1400,High,473
USR_1366,Vikram Das,Auto Rickshaw Driver,Tier-3,25000,28,2.3,479,93.1,0,1319,6,0.59,0.91,3727,66901,1,3138,2368,2097,790,8393,2100,Medium,740
USR_1367,Kavita Joshi,Beautician / Salon Owner,Tier-2,50000,28,8.4,199,69.3,0,1113,4,0.94,0.8,2606,64560,3,974,891,777,260,2902,700,High,635
USR_1368,Meena Iyer,IT Engineer,Tier-2,35000,30,3.0,199,72.6,4,2082,5,0.6,0.65,2812,68300,4,4572,2541,3679,1140,11932,3000,High,507
USR_1369,Sneha Sharma,Repair Shop Owner,Tier-2,15000,28,6.0,666,52.2,0,2236,2,0.65,0.65,2838,0,0,1067,789,1589,502,3947,1000,Low,629
USR_1370,Rajesh Kapoor,Small Restaurant Owner,Tier-2,20000,30,6.6,719,94.3,4,2471,5,0.71,0.63,219,0,0,890,920,588,290,2688,700,Medium,587
USR_1371,Meena Bose,Kirana Shop Owner,Tier-3,20000,28,4.5,199,78.9,1,2293,4,0.78,0.86,3739,0,0,744,467,724,405,2340,600,High,717
USR_1372,Sanjana Hegde,Gig Delivery Worker,Tier-2,20000,28,3.0,299,57.0,0,1935,2,0.94,0.54,491,57480,3,330,223,136,73,762,500,Medium,645
USR_1373,Radhika Verma,College Student / Freelancer,Tier-2,30000,28,1.7,299,84.9,0,2010,3,0.79,0.55,3709,107144,2,1415,1373,740,139,3667,900,Low,709
USR_1374,Ravi Patel,Small Artisan / Handloom,Rural,35000,28,6.7,719,60.3,0,912,4,0.61,0.58,178,54570,1,3446,3998,3102,958,11504,2900,Medium,630
USR_1375,Anjali Gupta,Private School Teacher,Tier-3,45000,28,6.3,199,49.5,2,1383,2,0.8,0.46,1172,65849,4,2984,1056,982,626,5648,1400,Medium,508
USR_1376,Rajesh Gupta,Auto Rickshaw Driver,Tier-3,20000,28,7.7,299,65.0,0,1475,2,0.74,0.26,3921,0,0,1261,824,1557,429,4071,1000,Medium,620
USR_1377,Manoj Sharma,Beautician / Salon Owner,Tier-2,25000,28,10.6,666,83.9,3,1745,1,0.9,0.59,242,0,0,736,312,383,62,1493,500,High,574
USR_1378,Nisha Joshi,IT Engineer,Tier-2,35000,45,8.8,719,65.1,1,1727,2,0.75,0.25,4630,44359,4,2293,1250,2154,485,6182,1500,Medium,559
USR_1379,Arjun Gupta,Repair Shop Owner,Tier-2,45000,30,8.5,666,46.0,0,2129,2,0.43,0.49,2935,180741,3,10869,6569,7409,1757,26604,6700,High,549
USR_1380,Nisha Chauhan,Small Restaurant Owner,Tier-2,15000,28,0.8,299,41.2,2,617,3,0.87,0.86,3299,49464,0,639,525,368,55,1587,500,Medium,622
USR_1381,Amitabh Begum,Kirana Shop Owner,Tier-3,35000,30,7.9,719,81.2,0,1962,2,0.84,0.44,1154,0,0,2498,1183,949,290,4920,1200,Medium,685
USR_1382,Sunita Sharma,Gig Delivery Worker,Tier-2,35000,45,7.5,666,51.5,1,1740,5,0.68,0.75,3077,63686,1,4011,2565,3044,557,10177,2500,Low,596
USR_1383,Suresh Malhotra,College Student / Freelancer,Tier-2,45000,30,6.9,666,81.8,0,2373,3,0.55,0.6,1550,67311,4,3693,5799,6649,1256,17397,4300,High,664
USR_1384,Rohit Gupta,Small Artisan / Handloom,Rural,12000,28,2.4,719,74.8,0,1107,1,0.5,0.3,608,0,0,969,1390,1008,538,3905,1000,High,668
USR_1385,Anjali Iyer,Private School Teacher,Tier-3,50000,30,9.8,719,42.5,0,837,1,0.66,0.54,2927,0,0,5783,5047,2287,924,14041,3500,Medium,608
USR_1386,Nisha Chatterjee,Auto Rickshaw Driver,Tier-3,25000,60,11.2,479,42.4,0,1566,3,0.47,0.92,4278,0,0,3548,2661,2863,533,9605,2400,Low,595
USR_1387,Suresh Sharma,Beautician / Salon Owner,Tier-2,12000,30,5.4,479,62.2,1,2025,3,0.63,0.49,3799,16894,3,1971,644,1123,242,3980,1000,Medium,603
USR_1388,Sanjay Malhotra,IT Engineer,Tier-2,25000,28,1.5,666,86.3,0,647,1,0.56,0.93,4018,63939,1,3974,2866,1756,256,8852,2200,Low,747
USR_1389,Shweta Hegde,Repair Shop Owner,Tier-2,20000,30,6.8,299,63.9,0,2236,7,0.76,0.75,1336,70775,2,1862,825,1606,301,4594,1100,Medium,621
USR_1390,Siddharth Choudhary,Small Restaurant Owner,Tier-2,15000,30,6.7,666,78.1,2,1709,2,0.54,0.43,2828,59758,4,1488,1375,1167,433,4463,1100,Medium,552
USR_1391,Radhika Patel,Kirana Shop Owner,Tier-3,30000,28,9.4,199,56.4,0,810,2,0.61,0.55,658,0,0,4219,2856,3300,234,10609,2700,High,622
USR_1392,Prakash Chopra,Gig Delivery Worker,Tier-2,25000,28,6.3,299,96.7,0,1618,2,0.65,0.75,3980,97622,4,1481,1579,926,405,4391,1100,Medium,682
USR_1393,Karan Begum,College Student / Freelancer,Tier-2,45000,30,7.8,299,75.4,0,886,6,0.42,0.93,2325,0,0,6789,2708,3265,1558,14320,3600,Low,713
USR_1394,Kiran Nair,Small Artisan / Handloom,Rural,35000,28,3.2,666,51.3,0,1475,4,0.83,0.8,1848,0,0,1361,898,1743,325,4327,1100,Medium,677
USR_1395,Neha Reddy,Private School Teacher,Tier-3,20000,28,3.7,299,57.4,0,1448,4,0.67,0.27,490,80300,4,1164,1777,1868,454,5263,1300,High,555
USR_1396,Manoj Kulkarni,Auto Rickshaw Driver,Tier-3,15000,30,5.6,199,77.8,0,1490,1,0.82,0.44,1769,23123,4,804,745,538,112,2199,500,Medium,631
USR_1397,Pallavi Yadav,Beautician / Salon Owner,Tier-2,12000,28,6.9,719,69.6,2,2384,3,0.94,0.59,464,0,0,290,97,234,34,655,500,Medium,611
USR_1398,Siddharth Singh,IT Engineer,Tier-2,30000,30,8.5,479,80.4,0,2155,1,0.95,0.8,4333,0,0,610,183,280,135,1208,500,Low,721
USR_1399,Swati Chatterjee,Repair Shop Owner,Tier-2,50000,45,2.4,299,81.2,0,2126,2,0.65,0.64,4047,0,0,5677,4482,2589,420,13168,3300,High,731
USR_1400,Prakash Chauhan,Small Restaurant Owner,Tier-2,25000,28,2.6,199,74.7,0,1476,7,0.79,0.53,139,61305,3,823,1246,910,340,3319,800,Medium,664
USR_1401,Kavita Reddy,Kirana Shop Owner,Tier-3,35000,28,3.9,666,51.9,0,646,3,0.39,0.69,1395,92280,4,6719,4624,4278,2048,17669,4400,High,608
USR_1402,Anjali Sharma,Gig Delivery Worker,Tier-2,30000,45,2.7,199,79.7,4,878,3,0.62,0.53,3599,123294,2,3766,2422,1523,365,8076,2000,High,522
USR_1403,Meena Joshi,College Student / Freelancer,Tier-2,35000,28,2.7,666,44.4,1,2115,2,0.75,0.58,2288,62934,4,3206,1369,2702,396,7673,1900,High,578
USR_1404,Vikram Gupta,Small Artisan / Handloom,Rural,40000,45,3.7,719,81.3,1,652,0,0.8,0.33,503,94465,4,2730,1273,2220,268,6491,1600,High,587
USR_1405,Vikram Reddy,Private School Teacher,Tier-3,40000,28,1.4,719,76.9,0,2391,4,0.37,0.68,402,0,0,4853,4055,7701,944,17553,4400,Low,709
USR_1406,Manoj Hegde,Auto Rickshaw Driver,Tier-3,40000,45,3.8,299,67.6,3,507,4,0.86,0.56,2260,138772,2,1836,769,1044,267,3916,1000,High,557
USR_1407,Divya Jain,Beautician / Salon Owner,Tier-2,30000,28,0.9,299,89.6,0,1848,3,0.74,0.45,2585,0,0,3233,2088,1915,311,7547,1900,High,760
USR_1408,Ramesh Bhatia,IT Engineer,Tier-2,15000,45,2.3,199,43.1,0,1041,2,0.48,0.45,2783,20909,4,3051,1061,1572,377,6061,1500,High,580
USR_1409,Kavita Sharma,Repair Shop Owner,Tier-2,45000,28,8.9,719,49.2,3,441,1,0.9,0.63,3960,114674,4,1792,470,724,144,3130,800,High,435
USR_1410,Prakash Kumar,Small Restaurant Owner,Tier-2,15000,45,8.4,299,83.3,0,1272,1,0.79,0.53,1718,56789,1,836,414,862,89,2201,600,Medium,639
USR_1411,Amit Rao,Kirana Shop Owner,Tier-3,20000,45,11.1,299,66.3,0,1363,2,0.58,0.74,3933,57421,1,1984,1111,1363,319,4777,1200,Medium,619
USR_1412,Ankit Sharma,Gig Delivery Worker,Tier-2,35000,30,3.4,479,61.5,1,559,1,0.7,0.54,2930,111359,4,2911,1942,1419,641,6913,1700,Medium,582
USR_1413,Anjali Chauhan,College Student / Freelancer,Tier-2,40000,30,1.4,666,41.2,4,1317,2,0.51,0.33,3333,137826,4,8233,4010,2521,1020,15784,3900,Medium,421
USR_1414,Deepak Bhatia,Small Artisan / Handloom,Rural,35000,60,11.3,299,70.0,0,779,2,0.64,0.26,3696,104941,4,2391,2566,3714,514,9185,2300,Medium,524
USR_1415,Shweta Joshi,Private School Teacher,Tier-3,50000,30,2.0,666,48.3,1,1333,4,0.54,0.72,145,186005,4,5281,5464,6856,1024,18625,4700,Low,572
USR_1416,Sunita Sharma,Auto Rickshaw Driver,Tier-3,20000,30,7.1,666,54.9,0,453,2,0.79,0.73,3688,72368,0,1581,644,920,360,3505,900,Low,640
USR_1417,Karan Patel,Beautician / Salon Owner,Tier-2,15000,30,11.9,719,64.6,0,2293,0,0.61,0.29,568,0,0,2013,623,586,153,3375,800,High,581
USR_1418,Suresh Bose,IT Engineer,Tier-2,35000,45,11.2,719,64.9,3,2026,1,0.76,0.66,3969,0,0,2835,2497,1960,244,7536,1900,High,532
USR_1419,Meena Bhatia,Repair Shop Owner,Tier-2,30000,30,7.4,479,70.1,0,1727,8,0.36,0.43,3622,117876,1,3774,4950,3640,565,12929,3200,High,597
USR_1420,Pooja Jain,Small Restaurant Owner,Tier-2,12000,45,1.5,479,40.4,0,2288,6,0.44,0.54,1895,37395,4,2476,1537,1234,152,5399,1300,Low,595
USR_1421,Swati Saxena,Kirana Shop Owner,Tier-3,15000,30,7.2,299,55.7,0,1220,6,0.78,0.52,1466,41251,2,693,983,991,263,2930,700,High,599
USR_1422,Nisha Jain,Gig Delivery Worker,Tier-2,50000,28,0.8,479,64.7,3,1055,5,0.43,0.8,2410,90761,4,7413,8023,5020,1808,22264,5600,Medium,568
USR_1423,Sanjana Choudhary,College Student / Freelancer,Tier-2,50000,30,1.6,666,78.8,1,2008,6,0.72,0.31,4137,0,0,2935,1623,4329,368,9255,2300,Medium,656
USR_1424,Amitabh Jain,Small Artisan / Handloom,Rural,15000,28,6.4,299,71.8,0,2053,6,0.81,0.88,100,50247,2,579,458,524,186,1747,500,Medium,667
USR_1425,Arjun Patel,Private School Teacher,Tier-3,50000,28,2.6,479,63.4,0,1655,2,0.61,0.95,3080,125633,2,4818,2260,4794,1868,13740,3400,Low,694
USR_1426,Siddharth Choudhary,Auto Rickshaw Driver,Tier-3,45000,30,9.0,299,50.6,1,1348,1,0.74,0.81,3821,0,0,4313,3341,2143,705,10502,2600,Low,595
USR_1427,Sanjay Kulkarni,Beautician / Salon Owner,Tier-2,45000,60,7.3,299,42.1,1,913,2,0.65,0.96,3119,0,0,6895,2230,2800,1285,13210,3300,High,615
USR_1428,Ramesh Verma,IT Engineer,Tier-2,45000,28,1.8,719,40.1,2,2467,5,0.62,0.82,2681,80839,1,5556,2496,2343,1236,11631,2900,Medium,580
USR_1429,Manoj Bose,Repair Shop Owner,Tier-2,15000,45,9.9,719,88.4,1,968,3,0.38,0.96,2983,46271,2,1484,2068,2595,496,6643,1700,High,624
USR_1430,Pallavi Jain,Small Restaurant Owner,Tier-2,50000,60,11.6,299,55.9,0,891,4,0.64,0.5,2753,0,0,6119,3464,4302,770,14655,3700,Low,586
USR_1431,Sneha Sharma,Kirana Shop Owner,Tier-3,40000,30,9.1,479,45.7,2,345,3,0.84,0.61,4249,126765,4,1406,1438,1376,148,4368,1100,Low,485
USR_1432,Ravi Chopra,Gig Delivery Worker,Tier-2,40000,28,5.9,719,63.9,1,2015,5,0.52,0.29,3998,68093,4,8072,5122,4576,1330,19100,4800,High,534
USR_1433,Ritu Bhatia,College Student / Freelancer,Tier-2,45000,28,5.3,199,66.7,3,1316,0,0.49,0.6,2179,0,0,7175,5460,4987,1266,18888,4700,High,577
USR_1434,Rohit Patel,Small Artisan / Handloom,Rural,35000,30,6.2,479,45.8,0,1230,1,0.66,0.75,520,117927,4,4166,1772,3321,807,10066,2500,Low,552
USR_1435,Vikram Bose,Private School Teacher,Tier-3,50000,30,7.9,719,77.8,4,1028,3,0.72,0.48,2755,157989,4,6153,2129,1464,891,10637,2700,High,460
USR_1436,Anjali Bose,Auto Rickshaw Driver,Tier-3,30000,28,10.4,479,67.1,4,484,2,0.57,0.45,2579,99384,4,2437,3225,1610,1123,8395,2100,High,423
USR_1437,Sanjay Kumar,Beautician / Salon Owner,Tier-2,45000,28,5.1,666,80.0,0,2267,1,0.51,0.47,2620,0,0,9434,2595,7465,2066,21560,5400,Medium,700
USR_1438,Prakash Rao,IT Engineer,Tier-2,20000,60,1.5,479,42.5,1,406,8,0.45,0.95,3372,61810,4,3554,1878,3357,908,9697,2400,Medium,584
USR_1439,Swati Mehta,Repair Shop Owner,Tier-2,35000,45,11.0,479,62.1,0,1869,0,0.38,0.25,3262,67341,4,4510,3859,7271,1175,16815,4200,High,539
USR_1440,Sneha Kulkarni,Small Restaurant Owner,Tier-2,12000,30,11.7,299,64.8,0,1380,3,0.77,0.37,3953,27734,3,1125,345,666,86,2222,600,High,554
USR_1441,Amitabh Gupta,Kirana Shop Owner,Tier-3,45000,28,0.6,299,71.9,0,926,4,0.81,0.36,3733,51593,4,2265,1419,1812,407,5903,1500,Medium,656
USR_1442,Sanjana Begum,Gig Delivery Worker,Tier-2,50000,28,2.0,479,69.6,0,1428,7,0.43,0.96,4354,0,0,11853,5937,7455,1813,27058,6800,Low,738
USR_1443,Kavita Iyer,College Student / Freelancer,Tier-2,50000,28,5.4,199,98.2,1,1178,4,0.46,0.88,2858,0,0,4636,4294,4006,1736,14672,3700,Medium,729
USR_1444,Aisha Verma,Small Artisan / Handloom,Rural,40000,28,7.4,719,86.9,2,1011,3,0.4,0.72,2412,0,0,6214,3778,5404,1355,16751,4200,Medium,620
USR_1445,Neha Saxena,Private School Teacher,Tier-3,35000,30,4.5,479,55.3,1,2379,0,0.35,0.69,1491,0,0,5645,3593,3807,718,13763,3400,Medium,619
USR_1446,Siddharth Kulkarni,Auto Rickshaw Driver,Tier-3,30000,60,11.0,479,62.1,0,1093,5,0.78,0.57,1543,76160,2,1487,1576,1929,261,5253,1300,Low,572
USR_1447,Meena Rao,Beautician / Salon Owner,Tier-2,15000,28,0.6,666,76.0,1,968,5,0.39,0.64,404,0,0,3346,2528,2377,232,8483,2100,Low,686
USR_1448,Suresh Nair,IT Engineer,Tier-2,40000,28,4.2,199,72.7,1,1853,5,0.7,0.3,4471,135392,4,5231,1329,2990,650,10200,2600,Medium,577
USR_1449,Divya Malhotra,Repair Shop Owner,Tier-2,40000,28,1.7,479,44.0,0,984,4,0.58,0.65,2393,122576,1,4426,4065,1764,1102,11357,2800,Medium,632
USR_1450,Suresh Bose,Small Restaurant Owner,Tier-2,50000,30,5.0,299,60.6,0,722,2,0.74,0.87,1506,109373,3,1988,3062,2850,427,8327,2100,Low,661
USR_1451,Kiran Jain,Kirana Shop Owner,Tier-3,40000,28,7.0,719,64.5,0,2191,3,0.63,0.39,1121,0,0,6265,2675,2248,1064,12252,3100,High,644
USR_1452,Harish Nair,Gig Delivery Worker,Tier-2,20000,28,4.5,479,88.1,0,766,3,0.42,0.67,216,38858,3,1933,2293,2839,804,7869,2000,Medium,685
USR_1453,Neha Singh,College Student / Freelancer,Tier-2,15000,28,11.5,199,95.9,1,1982,2,0.5,0.64,1524,0,0,2183,1438,2594,385,6600,1600,Medium,656
USR_1454,Siddharth Nair,Small Artisan / Handloom,Rural,25000,28,6.7,299,83.8,2,1872,5,0.39,0.55,2362,82944,2,3306,3808,3191,1165,11470,2900,Medium,568
USR_1455,Rajesh Begum,Private School Teacher,Tier-3,50000,28,4.6,199,66.4,0,1303,2,0.79,0.3,4779,191004,4,4623,2053,2959,521,10156,2500,Medium,577
USR_1456,Rajesh Gupta,Auto Rickshaw Driver,Tier-3,30000,45,4.3,479,79.7,0,1521,4,0.52,0.39,154,94777,3,4358,3996,3937,742,13033,3300,Medium,631
USR_1457,Ramesh Kumar,Beautician / Salon Owner,Tier-2,25000,30,0.8,299,85.4,1,1101,3,0.47,0.37,3908,66658,4,4291,3649,4199,743,12882,3200,Medium,650
USR_1458,Kavita Bose,IT Engineer,Tier-2,12000,30,0.9,719,85.0,0,1861,0,0.59,0.76,1211,0,0,1669,1070,926,288,3953,1000,Medium,746
USR_1459,Vikram Singh,Repair Shop Owner,Tier-2,20000,28,0.6,719,84.9,2,745,5,0.48,0.26,3609,70175,4,4116,1311,1490,491,7408,1900,High,591
USR_1460,Ritu Saxena,Small Restaurant Owner,Tier-2,30000,45,1.3,299,75.7,1,440,2,0.82,0.48,1846,53548,4,1839,708,1515,419,4481,1100,High,626
USR_1461,Sunita Chauhan,Kirana Shop Owner,Tier-3,20000,60,2.0,299,70.4,0,2334,3,0.57,0.44,2582,0,0,2773,2390,2259,498,7920,2000,High,704
USR_1462,Vikram Mehta,Gig Delivery Worker,Tier-2,25000,28,8.3,299,96.3,0,1402,4,0.78,0.35,4088,100912,3,1003,1107,667,536,3313,800,Medium,634
USR_1463,Pallavi Kulkarni,College Student / Freelancer,Tier-2,45000,28,1.3,199,99.4,1,1927,4,0.61,0.66,2085,129657,4,6027,2577,4964,711,14279,3600,Low,694
USR_1464,Shweta Gupta,Small Artisan / Handloom,Rural,12000,28,6.2,299,47.7,0,1431,5,0.6,0.86,1227,36843,1,2001,1304,572,136,4013,1000,Low,631
USR_1465,Sneha Nair,Private School Teacher,Tier-3,15000,30,4.2,666,68.9,0,534,3,0.37,0.47,2964,61505,1,3094,2567,2080,191,7932,2000,Medium,630
USR_1466,Deepak Reddy,Auto Rickshaw Driver,Tier-3,15000,30,1.2,479,94.4,4,1070,2,0.37,0.94,4636,34216,4,3291,1691,2703,867,8552,2100,High,592
USR_1467,Rekha Saxena,Beautician / Salon Owner,Tier-2,15000,30,8.1,299,48.4,0,1205,2,0.89,0.9,1653,0,0,372,415,396,72,1255,500,Low,664
USR_1468,Ravi Bhatia,IT Engineer,Tier-2,50000,28,9.7,479,76.9,2,1356,5,0.67,0.35,2997,56480,4,5650,4543,4438,801,15432,3900,High,523
USR_1469,Harish Mehta,Repair Shop Owner,Tier-2,15000,28,5.9,719,95.4,1,2348,3,0.89,0.6,2355,21660,3,658,170,277,33,1138,500,Medium,674
USR_1470,Swati Kulkarni,Small Restaurant Owner,Tier-2,35000,30,6.6,666,86.5,1,1830,4,0.58,0.55,917,48725,4,5743,4375,2742,998,13858,3500,High,621
USR_1471,Vikram Sharma,Kirana Shop Owner,Tier-3,45000,28,3.4,666,91.7,2,373,1,0.55,0.62,2708,176110,3,3314,3240,4713,1066,12333,3100,Low,616
USR_1472,Kiran Tiwari,Gig Delivery Worker,Tier-2,45000,30,8.8,666,68.2,2,531,5,0.67,0.95,2983,51905,4,2548,1621,2795,1448,8412,2100,Medium,567
USR_1473,Harish Verma,College Student / Freelancer,Tier-2,20000,28,10.8,479,52.6,0,1253,7,0.57,0.71,188,0,0,3445,1546,1823,757,7571,1900,High,600
USR_1474,Aisha Begum,Small Artisan / Handloom,Rural,25000,28,3.4,299,81.3,4,1987,3,0.75,0.59,1799,0,0,2539,652,1577,308,5076,1300,High,570
USR_1475,Pallavi Nair,Private School Teacher,Tier-3,30000,60,2.6,719,97.5,0,1574,1,0.65,0.51,2943,35108,4,2888,2357,1602,494,7341,1800,Medium,682
USR_1476,Deepak Mehta,Auto Rickshaw Driver,Tier-3,50000,28,8.8,199,78.0,1,1141,2,0.9,0.75,3747,0,0,1277,562,1278,175,3292,800,Medium,676
USR_1477,Deepak Singh,Beautician / Salon Owner,Tier-2,15000,28,6.4,666,63.4,1,1961,4,0.58,0.35,3580,0,0,1028,1684,1021,343,4076,1000,High,578
USR_1478,Rohit Choudhary,IT Engineer,Tier-2,15000,28,6.2,666,64.8,0,1845,5,0.73,0.39,2600,56983,4,947,592,1290,136,2965,700,High,558
USR_1479,Prakash Tiwari,Repair Shop Owner,Tier-2,35000,28,4.5,199,98.3,4,1575,0,0.89,0.67,1893,0,0,1039,411,1175,245,2870,700,Medium,629
USR_1480,Prakash Tiwari,Small Restaurant Owner,Tier-2,30000,60,3.5,719,45.4,1,550,1,0.52,0.69,4102,0,0,3293,2146,4916,297,10652,2700,High,599
USR_1481,Nisha Saxena,Kirana Shop Owner,Tier-3,40000,30,1.0,666,82.4,1,999,2,0.36,0.58,745,0,0,5483,4776,3825,1635,15719,3900,Low,689
USR_1482,Pallavi Joshi,Gig Delivery Worker,Tier-2,30000,28,11.4,199,86.8,1,1300,4,0.38,0.94,1637,39943,3,2944,4962,2512,1691,12109,3000,High,619
USR_1483,Rohit Jain,College Student / Freelancer,Tier-2,15000,28,2.3,299,91.6,0,1176,3,0.92,0.94,810,56325,1,181,185,299,100,765,500,Low,766
USR_1484,Divya Devi,Small Artisan / Handloom,Rural,35000,30,11.3,199,73.5,0,605,2,0.61,0.35,1436,133729,4,5603,2411,2434,688,11136,2800,Medium,568
USR_1485,Ramesh Chopra,Private School Teacher,Tier-3,25000,30,5.5,299,40.7,0,1735,5,0.68,0.36,2317,0,0,2210,2143,1980,282,6615,1700,High,570
USR_1486,Nisha Devi,Auto Rickshaw Driver,Tier-3,35000,28,1.6,199,45.3,1,1577,2,0.81,0.44,2286,0,0,1156,1455,1644,497,4752,1200,Medium,620
USR_1487,Anjali Das,Beautician / Salon Owner,Tier-2,40000,28,11.6,199,70.5,0,2346,4,0.62,0.6,4175,0,0,4170,1573,4794,515,11052,2800,Medium,632
USR_1488,Sneha Devi,IT Engineer,Tier-2,25000,28,5.9,719,92.2,0,478,3,0.43,0.75,1140,0,0,2387,2039,4982,778,10186,2500,High,725
USR_1489,Rohit Patel,Repair Shop Owner,Tier-2,35000,30,1.8,666,63.3,1,1568,2,0.59,0.81,2464,0,0,3416,2628,4258,913,11215,2800,Medium,680
USR_1490,Sneha Mehta,Small Restaurant Owner,Tier-2,30000,28,10.7,666,70.8,3,1081,3,0.72,0.25,4662,67381,4,2212,2190,2519,796,7717,1900,High,442
USR_1491,Amit Tiwari,Kirana Shop Owner,Tier-3,15000,30,4.7,479,90.3,1,1817,3,0.59,0.87,4540,43273,3,2458,764,1860,359,5441,1400,Medium,673
USR_1492,Karan Devi,Gig Delivery Worker,Tier-2,35000,45,7.0,199,88.7,1,1635,3,0.86,0.55,1343,0,0,1370,1282,812,99,3563,900,Medium,643
USR_1493,Arjun Nair,College Student / Freelancer,Tier-2,30000,45,6.5,199,45.2,0,2019,4,0.42,0.43,4483,0,0,5948,4049,3541,410,13948,3500,High,594
USR_1494,Ritu Joshi,Small Artisan / Handloom,Rural,12000,45,9.2,479,70.9,0,773,6,0.56,0.37,263,46650,3,1119,1552,561,437,3669,900,Medium,595
USR_1495,Rekha Chauhan,Private School Teacher,Tier-3,40000,30,3.7,666,87.5,1,1560,3,0.7,0.46,480,129013,1,4883,2866,3504,1042,12295,3100,Medium,653
USR_1496,Shweta Rao,Auto Rickshaw Driver,Tier-3,40000,28,5.1,666,57.2,0,1138,4,0.45,0.58,4087,108189,4,9331,3149,2439,977,15896,4000,Medium,607
USR_1497,Rohit Iyer,Beautician / Salon Owner,Tier-2,20000,28,4.4,199,84.9,4,1172,2,0.7,0.52,493,0,0,1257,1498,1023,510,4288,1100,Medium,570
USR_1498,Nisha Malhotra,IT Engineer,Tier-2,30000,30,9.4,299,93.1,0,669,1,0.93,0.65,2393,0,0,665,487,384,106,1642,500,Medium,716
USR_1499,Amit Kumar,Repair Shop Owner,Tier-2,15000,28,0.7,666,81.4,0,753,1,0.77,0.43,1625,56422,3,1109,737,699,122,2667,700,High,664
USR_1500,Sanjay Chatterjee,Small Restaurant Owner,Tier-2,15000,28,8.6,299,92.7,2,2344,5,0.45,0.9,396,0,0,3007,885,1710,662,6264,1600,Medium,662
